Link,Job Title,Company,Employer Active,Location
,,,,
https://www.indeed.co.in/rc/clk?jk=c162ea6988617838&bb=Im05Y82KQPOUJqyVLOeMvagr56KdXqVvlTAV7BvX1Z6OHY9nXfWyFMbDfeTUsRatXa50dSwKp2PGmo8y9C7mQbpGK4yrX6ju_dwMXn1OMv0yfBWO_SjPCEyTHjrbQEJW&xkcb=SoCz67M33OKxyZQNhB0KbzkdCdPP&fccid=1f80b33b912ebe7a&vjs=3,Java JBPM Developer,Sweken IT Solutions,,Remote
https://www.indeed.co.in/rc/clk?jk=4c18b75637e7f213&bb=Im05Y82KQPOUJqyVLOeMvX2B3sTBccmk-AuGTyyZgab5Zg1rzPUJvak1sMbTIEIrxf3C9ie8WU9rqYU6rloJnMWxbI-HI-syVM8rNFV0dNF6GstfaUHxVpegbnDIb2YD&xkcb=SoAu67M33OKxyZQNhB0JbzkdCdPP&fccid=1f80b33b912ebe7a&vjs=3,Java Full Stack Developer,Sweken IT Solutions,,Remote
https://www.indeed.co.in/rc/clk?jk=acbd25934477e269&bb=Im05Y82KQPOUJqyVLOeMvVlaajkn-JMAYP8PZ5iArPbQXZcWAx3wsE2NlEdJSlNiy2SACowT58frPUc1VF1BQNcQQP-m5Q3Xm-YKyksWF3teJyXwi7Y3_6ob2N84tJK7&xkcb=SoCa67M33OKxyZQNhB0IbzkdCdPP&fccid=1f80b33b912ebe7a&vjs=3,Java Architect,Sweken IT Solutions,,Remote
https://www.indeed.co.in/rc/clk?jk=8158560e670dbbf1&bb=Im05Y82KQPOUJqyVLOeMvdh2SbydQwo-aPTPvGGWMY1VZcbOpr4M0JZhvlqWDFQbQbJnd8JTQx1nZxf1L8HhLUFidbwyEINssZcqr9UWCHwD9G0Dj1Mu4uwdafkMhgrm&xkcb=SoAU67M33OKxyZQNhB0PbzkdCdPP&fccid=79edaf26eba600e1&vjs=3,JDE Technical,Elfonze Technologies,,Remote
https://www.indeed.co.in/rc/clk?jk=b9652916e578c904&bb=Im05Y82KQPOUJqyVLOeMvUv6l6WYfm5Zj1lcSRENkqzSOZZ-5lyUPCNfU7kOqP8AY8bqqxgSsQ15p61qPDZT2_7Jv_t3Em5XLhpKjtgkq9quyFNEVr1IKbqNYtuCJVp3&xkcb=SoCg67M33OKxyZQNhB0ObzkdCdPP&fccid=d342c1d462a15e5a&vjs=3,Senior Backend Java Developer - India,Zimperium,,Remote
https://www.indeed.co.in/rc/clk?jk=a705c7d7c5662948&bb=Im05Y82KQPOUJqyVLOeMvZNIC9pSwfy0Vja0lcwD_44uqclvOhz5imO95T6fQufSzW-XR-KOHDpYjrwrM9rxVdnOIQRIh2DqgkXivnmSPF1JbNvyTl2MRzSH1UZduLRt&xkcb=SoA967M33OKxyZQNhB0NbzkdCdPP&fccid=bc7819f35339728d&vjs=3,ROR Developer,Orange Mantra,,Remote
https://www.indeed.co.in/rc/clk?jk=97c204a9310f0f4f&bb=Im05Y82KQPOUJqyVLOeMvYlyZx9WGyjxxAmOJsX_6lj7aVH2r0ff05cwX3RItOJ-3u9563_zRUJs4MmvDHc4lpb1Kce9EcCCMZRiObdwZakp3ogBAq7On7SOoUkUrn4m&xkcb=SoCJ67M33OKxyZQNhB0MbzkdCdPP&fccid=87016af060fef378&vjs=3,Senior Software Engineer,Hypersonix,,Remote
https://www.indeed.co.in/rc/clk?jk=860425fd9c518865&bb=Im05Y82KQPOUJqyVLOeMvbunwWI3LWj9kRcFGwVWSThg0w3xTGJMKXi0LgSzlvT-vD9tnP4EVuOAV0EyTUVkjpn15DTGN7z17Yz9oKQULY3bpxN7EFq0D0mzcOw6UDVL&xkcb=SoBg67M33OKxyZQNhB0DbzkdCdPP&fccid=1f80b33b912ebe7a&vjs=3,Java Lead / Sr. Java Developer,Sweken IT Solutions,,Remote
https://www.indeed.co.in/rc/clk?jk=8ddd972ef89958fb&bb=Im05Y82KQPOUJqyVLOeMvVq_MuhYCCseWDqiBl4MbcCa-YSIfty1rmcJjS0ynAUrbCf4nCDjcq0UehFC3dSRqsPdgTpX0GeZYJt3i3LaTHMORrfR6c7OyX0Z7JCwjh0w&xkcb=SoDU67M33OKxyZQNhB0CbzkdCdPP&fccid=1939f023cebd51e0&vjs=3,AI Engineer,i2e Consulting,,Remote
https://www.indeed.co.in/rc/clk?jk=438647ff76a33109&bb=Im05Y82KQPOUJqyVLOeMvVTV1NEXheEirk3_c4-YamIOpVLN7gjdYUHMk-yvlG1LzFtj_0I3kfa3rPvjE11Qa3yEZnIfZLAAL3jlrfdazFHQxRnE6xVP3yGXersmcMq_&xkcb=SoBJ67M33OKxyZQNhB0BbzkdCdPP&fccid=10d8b3618e3ebd63&vjs=3,QA Engineer – Mobile,Porch,,Remote
https://www.indeed.co.in/rc/clk?jk=dfdc3efbc86094c4&bb=Im05Y82KQPOUJqyVLOeMvcJp99Jxe-N86VAhuB_CTayxxy2kIMF1xr1yGCKdGk07XYLypVoZVJU-m8tzUXWFsdTU8Bz_ZFbeY1ayVb51D1gac-EjPFTFAUlLjOPqjwVj&xkcb=SoD967M33OKxyZQNhB0AbzkdCdPP&fccid=ec3fbb0ad915c22e&vjs=3,Machine Learning Engineer,Hyqoo,,Remote
https://www.indeed.co.in/rc/clk?jk=dcd3400a1c9f8fb1&bb=Im05Y82KQPOUJqyVLOeMvbLCLJyTsGozsQUmirLlfo4dymEQemr5L7P42mpG0uViF9E6kF-sgaRCKnWu4QPGys82Fz8Vp-d6kI-co3LyOBkA_4nBQ0Lc5_AS2IGUNEHV&xkcb=SoBz67M33OKxyZQNhB0HbzkdCdPP&fccid=79edaf26eba600e1&vjs=3,Delivery Head – Modernization Migration Services,Elfonze Technologies,,Remote
https://www.indeed.co.in/rc/clk?jk=4af3c0fbf418c890&bb=Im05Y82KQPOUJqyVLOeMvY0VLpR8ztILl1Tccx45jA7puUsWni0hTubgXA4pMJ4sRwEvD3umPHdUF4zQiT_ymkjJeXCC31z4Rxbqny1TgnqvY8fuFyIL0tn2qNhN7PS2&xkcb=SoDH67M33OKxyZQNhB0GbzkdCdPP&fccid=a0f4f1afa351ffb5&vjs=3,AWS DevOps Engineer,3Pillar,,Remote
https://www.indeed.co.in/rc/clk?jk=c9610418d9c3f2c7&bb=Im05Y82KQPOUJqyVLOeMvRmoBG3xPFRHtmuN7DY7xwmYZvH1LoQX-xSKXFDlq3mmorVRJcGSu_-EfP-tarmBBN_IzQ8c_gLFHfyNtw4YrwsfTIpi0kwOd-hbgH6kPvfP&xkcb=SoBa67M33OKxyZQNhB0FbzkdCdPP&fccid=88f5d9a70576ec2a&vjs=3,Sr Software QA Engineer,Teladoc Health,,Remote
https://www.indeed.co.in/rc/clk?jk=81bd5113ee79099c&bb=Im05Y82KQPOUJqyVLOeMvYa-u53DNPBxb3W71LNGWXMLlvMoDIppS08Ui5Igv-lryNOI3V_KAfVHko-F4XJCrn2CCuTdIP3X8oJFT1EF--CZc46J9Nv-zIcfZedSEk2Z&xkcb=SoDu67M33OKxyZQNhB0EbzkdCdPP&fccid=ec3fbb0ad915c22e&vjs=3,MLOps Engineer,Hyqoo,,Remote
https://www.indeed.co.in/rc/clk?jk=2a251e5af9a132ee&bb=lvG8dZ3SI_I808gArAPuLdogoy4zDFPIVpvL0Mj-9vOY4tjMa_04YqM0V3YkvjN70AEhT9zeruocqF60OF9iURO8ZCDOkcetadD0kVQ726sNDuO1QMNfyg_KBB-4lCVH&xkcb=SoD267M33OKwaoWOBJ0LbzkdCdPP&fccid=ec3fbb0ad915c22e&vjs=3,Neo4j Graph DB Sr Engineer,Hyqoo,,Remote
https://www.indeed.co.in/rc/clk?jk=14b79383991f1a38&bb=lvG8dZ3SI_I808gArAPuLYEFjLu_LJec4Z06l1QRnlwQcha_-V0xZawl6TaV711t4X4epZAvA7BBYajiQZ9FKGt4rtvpezo_I_NozamLWmw6v2z86TTpwlvPl5JdSa63&xkcb=SoBC67M33OKwaoWOBJ0KbzkdCdPP&fccid=79edaf26eba600e1&vjs=3,Fusion Technical Architect - OIC Expert,Elfonze Technologies,,Remote
https://www.indeed.co.in/rc/clk?jk=3626851ae92d0ab2&bb=lvG8dZ3SI_I808gArAPuLR1PJFeeBcyVJrLqOdx8X1FyECzaGzJ9wyyNWxfdMZ5Mpbf0yJ3fUsWvcWn-WVaRWXl7m0DvXebnCbDfpOFLrGxmCIYWeD3CzHziusTxFSpD&xkcb=SoDf67M33OKwaoWOBJ0JbzkdCdPP&fccid=f5a8e2e808c3b88a&vjs=3,Data Automation QA(ETL Tester),Norstella,,Remote
https://www.indeed.co.in/rc/clk?jk=d057f052f9bb50e7&bb=lvG8dZ3SI_I808gArAPuLW-ppKDj2ABk8U-rcCabw12JRnRFziLNVw3dGQKJGZhySnD-uIt5baWTihv4pYFXk3RifC1C5Ecp85CitcUr1aRxRjp7pnQ8zOi4SynasPCK&xkcb=SoBr67M33OKwaoWOBJ0IbzkdCdPP&fccid=ad95f9c344ede87f&vjs=3,Automation QA Analyst,CAI,,Remote
https://www.indeed.co.in/rc/clk?jk=2dd532a0f085d4ac&bb=lvG8dZ3SI_I808gArAPuLRHyyNhOHoby_vhpFPtzn8Vi1Kd7VsVramO3lUw0IZyvJTfNYwx6_xCcbXDrtPRAyqWS8wuk0hVV0g2WMsuNVWMkiWTUyK0eNsNZlfALUzkL&xkcb=SoDl67M33OKwaoWOBJ0PbzkdCdPP&fccid=6665a23e5698964c&vjs=3,Senior SDE - Customer Engineering | Automation Testing - SDET/ QA,BrowserStack,,Remote
https://www.indeed.co.in/rc/clk?jk=11d1f15ae5537bba&bb=lvG8dZ3SI_I808gArAPuLf3CMIdeCUFZSQVN-LEHqx3LH5f7cHBqTKEpPNHUKGgs2zUI0kcLfvSnM60-Mo43N3jWbCTUHZF-JJJwEMpdSlM3SPPJnOYuEhKWfmyQMSeg&xkcb=SoBR67M33OKwaoWOBJ0ObzkdCdPP&fccid=01bec696391c1c6d&cmp=The-Design5-Company&ti=Java+Developer&vjs=3,Java Developer,The Design5 Company,,Remote
https://www.indeed.co.in/rc/clk?jk=1e51b62022cc0909&bb=lvG8dZ3SI_I808gArAPuLQYfos6lG66qSnzn1FfHeLN6yCX8XuoAw2G4oYMg07nBJ0rsP372sGRKdMuqcTp7AVSMupCjxDayr3Ufq4AhnKChMHlUPNSw-S1g1OTD2TIz&xkcb=SoDM67M33OKwaoWOBJ0NbzkdCdPP&fccid=ec6c232346352803&cmp=MonkMaze&ti=Java+Developer&vjs=3,Java Spring Boot Developer,MonkMaze,EmployerActive 3 days ago,Remote
https://www.indeed.co.in/rc/clk?jk=c66c29a799f27bba&bb=lvG8dZ3SI_I808gArAPuLZMyGli6_xy_m05IJjj1EyO1-vBd42v55OQGmo-Jyfmcz0AunZBwdUG6zmyp0DDK-ydhXWnr3JIyJpPbSSEEU84_-CdYfkOku2t9BsvVLHb5&xkcb=SoB467M33OKwaoWOBJ0MbzkdCdPP&fccid=8168a64d8d95d96d&cmp=LCF-Group&ti=Java+Developer&vjs=3,Java Microservices Developer,the LCF group,,Remote
https://www.indeed.co.in/rc/clk?jk=1db1ecf10c7de1f6&bb=lvG8dZ3SI_I808gArAPuLYaLML7sg_o1vGRVwWTlhoU6JPkml5KBXTpQ5J4SwGIUHYz2StysHQ1tuQQ_Eo5kSICTm3Ogzcz7hP-oLKT-S-pOH_-1hjeHTB03H-KvrzzX&xkcb=SoCR67M33OKwaoWOBJ0DbzkdCdPP&fccid=cd39b1a080c94252&cmp=APPNEURAL-Pvt.-Ltd.&ti=Java+Developer&vjs=3,Java Developer,APPNEURAL Pvt. Ltd.,EmployerActive 2 days ago,Remote
https://www.indeed.co.in/rc/clk?jk=1a0a4a7e8b6aeab6&bb=lvG8dZ3SI_I808gArAPuLfE5JWBNZcDo6BiLNQPdVPls4uFk7Lw1ATXpL_fAix2rlHSK23AsHvn43jmZx4SxhfYT1vw6ermp2_N9TwLf-5_Y4V1z2ovz37TuCXl-Sjc2&xkcb=SoAl67M33OKwaoWOBJ0CbzkdCdPP&fccid=9e5deb53dbd9c043&cmp=TalentsTree-India-Pvt-ltd&ti=Java+Developer&vjs=3,Java Developer,Talents tree,EmployerActive 5 days ago,Remote
https://www.indeed.co.in/rc/clk?jk=7aa11416add5c46b&bb=lvG8dZ3SI_I808gArAPuLRvU8afERmyk4V84n3RKg42sVElzBC5oJHUQk3WgDbH9raJEnQbYO1CzzN66UMZezZUmodSzBH6KtEkWKEv6HPGEisX5yzwf_EAcfBZFKWc-&xkcb=SoC467M33OKwaoWOBJ0BbzkdCdPP&fccid=8d5739887f679327&cmp=QuantumBricks-Inc&ti=Java+Developer&vjs=3,Java Developer,QuantumBricks,EmployerActive 8 days ago,Remote
https://www.indeed.co.in/rc/clk?jk=cb88c38eb21e4efa&bb=lvG8dZ3SI_I808gArAPuLejM9XQYmIiBMlIVLj9sjo2-F6B_N6sO2xACC4EIPz_ZPkvzCmf6Wr7pGjWX-CSANJ82UBNY-a6jZj3002w2PFhDF6awnyitQ59icr-gq0HH&xkcb=SoAM67M33OKwaoWOBJ0AbzkdCdPP&fccid=00f7c85b7019fa29&cmp=MahaSOS.-Maha-Software-Solutions&ti=Vertx+Java&vjs=3,VertX Java,Mahasos Info Pvt Ltd,EmployerActive 7 days ago,Remote
https://www.indeed.co.in/rc/clk?jk=31088e3ba46ec7e1&bb=lvG8dZ3SI_I808gArAPuLT4TpS7Ah8ik-SHs3y6K6gFdUsV5TS0O5uPD9AxrBA9cyPwC6G3Nge5N6eMHOt2yufr0bU6efNB9kQ5sfuBcfKWmzyRcWH6eRG2mRSBxf3FV&xkcb=SoCC67M33OKwaoWOBJ0HbzkdCdPP&fccid=d245b98e152aefda&cmp=IntelliSavvy-LLC&ti=Java+Developer&vjs=3,Java Developer,IntelliSavvy LLC,EmployerActive 2 days ago,Remote
https://www.indeed.co.in/rc/clk?jk=4a7b86c6a3e38f16&bb=lvG8dZ3SI_I808gArAPuLVmeW9-gERcRi2PwkGoGLq6aNnsEshnrRnYIb7i_v8GKtwcjjpYwna_6YGEDHnuBq4UrhpdeLHa963n7aN8LcJ6TRJbCJh8iAU3dBBQbdWig&xkcb=SoA267M33OKwaoWOBJ0GbzkdCdPP&fccid=8ad6d7896cc3a67a&cmp=Ai-India-Innovations&ti=Java+Developer&vjs=3,Java Developer,Ai India Innovations,EmployerActive 2 days ago,Remote
https://www.indeed.co.in/rc/clk?jk=1bdadb4fd1f95b5b&bb=lvG8dZ3SI_I808gArAPuLa0Q2tcXkgimTmEsxrBlqY1yqbSg9NLzXhdVONwmPbWmcHgJiaOqTZGuPR8cvMILWaEmpaqERM1eSFbivRid4pBY7aAqG3PXkjyDA88_HwiS&xkcb=SoCr67M33OKwaoWOBJ0FbzkdCdPP&fccid=4495f8b04aecf27d&cmp=Albireo-Tech-System&ti=Java+Developer&vjs=3,"java, Websphere , Tomcat",Albireo Tech System,EmployerActive 5 days ago,Remote
https://www.indeed.co.in/rc/clk?jk=53a5f6aa55272b0a&bb=QH76z9G1qa8o2o3ZATW3bsPTX0cWWF_Er9mwBgCVH0iNgY30poeQwkn9HtLt31TmRVposL338szKSG5F6LbaxJoQuyFETpsjIsY6LLHhbNjaOdmQ_syW8sz1P2mYF68z&xkcb=SoBp67M33OKwMuTTrR0LbzkdCdPP&fccid=d0dce37170082deb&cmp=AM2Techs&ti=Java+Developer&vjs=3,Java MS Developer,AM2Techs,EmployerActive 4 days ago,Remote
https://www.indeed.co.in/rc/clk?jk=609dbf118e674523&bb=QH76z9G1qa8o2o3ZATW3bvx7Qe8UBM585fljbmNwvRIL5sXHUp8-9UZ12RJnZNegpfXFbbm9CzVbFZNqkG6_P5AQhHhSsfmRd7cXRLqfXpccOLXAbYd2LFxo9oF7ADgx&xkcb=SoDd67M33OKwMuTTrR0KbzkdCdPP&fccid=6159ce24ea7744f6&cmp=Neoicon-Solution&ti=Software+Engineer&vjs=3,Software Engineer,Neoicon Solution,EmployerActive 8 days ago,Remote
https://www.indeed.co.in/rc/clk?jk=d3996ba14206c984&bb=QH76z9G1qa8o2o3ZATW3bpUwygNWUIfA6cYvgJiLoYTekkrC1i89_pPUQ9pw0rXO35zQsOeayxMOD4xMVMebdP_jpSWNu-Xy2lzB7ppbG76nrlpcf_JfvO4w4L1az7pX&xkcb=SoBA67M33OKwMuTTrR0JbzkdCdPP&fccid=813d2b39a943052c&cmp=Whitelotus-Corporation-Pvt-Ltd&ti=Senior+Java+Developer&vjs=3,Sr. Java Developer,Whitelotus Corporation Pvt Ltd,,Remote
https://www.indeed.co.in/rc/clk?jk=03f72d9f6d8bf073&bb=QH76z9G1qa8o2o3ZATW3bpYLGljsxttTqrTYHQCka6J0ihwD8FzUROdjx4O4TXA4ldzIRlX6npJ5OWWgbD43YMqvnAlFVhe3PdJKfcV7KH0vhkivXbR2uZCn--LFNJQg&xkcb=SoD067M33OKwMuTTrR0IbzkdCdPP&fccid=a1ef05921b8e5b25&cmp=Renous-Consulting&ti=Senior+Java+Developer&vjs=3,Senior Java Developer,Renous Consulting,EmployerActive 2 days ago,Remote
https://www.indeed.co.in/rc/clk?jk=fa3ad78ed370c1e5&bb=QH76z9G1qa8o2o3ZATW3bvPiHeW2xQFwfG-UHbHSbuInWVfQzhBDOVtBMC2lS-96w6ttem6WRWf7D5BTwyumGOCGf6VikymxYr-JjVz0L4ynCpwzU_QIQ8jOGoxdkZUK&xkcb=SoB667M33OKwMuTTrR0PbzkdCdPP&fccid=01bec696391c1c6d&cmp=The-Design5-Company&ti=Java+Developer&vjs=3,Java MS Developer,The Design5 Company,EmployerActive 2 days ago,Remote
https://www.indeed.co.in/rc/clk?jk=ef45be13f209842e&bb=QH76z9G1qa8o2o3ZATW3bt0I79X8WYgB23rqC129l7-Sc6N3dtde_Qggj5X_d4651YQcn2OaEa2pdHczT9IA47nDc9Qkj0OFMzMWl1QmP-J8nUJaiATjNgZSmm-PQNY_&xkcb=SoDO67M33OKwMuTTrR0ObzkdCdPP&fccid=852b658d57ae75fd&cmp=SkillDZire-Technologies-Pvt-Ltd&ti=Full+Stack+Developer&vjs=3,Fullstack Java Parttime Trainer(Remote),SkillDZire Technologies Pvt Ltd,EmployerActive 2 days ago,Remote
https://www.indeed.co.in/rc/clk?jk=8bb2aaa6660e76d9&bb=QH76z9G1qa8o2o3ZATW3bmXK6YJKmoksIwI6F6TCwBPgiDLXVHencCufG-zFRtCVz2QJuXOs8kJvSg-YAJqzD7lPIZd2gGoxn6BIrydMj3reaLaSeBlTa1hahrg2srbX&xkcb=SoBT67M33OKwMuTTrR0NbzkdCdPP&fccid=59c67b50473361bb&cmp=Maximus-Human-Resources&ti=Software+Architect&vjs=3,Java Architect,Other Side Consulting,EmployerActive 5 days ago,Remote
https://www.indeed.co.in/rc/clk?jk=73b847d27b218c78&bb=QH76z9G1qa8o2o3ZATW3btgbjZO_y3CTRdXQWZnEY9vZuTlj3O6g_SpvAL08hZQpTjomkq2-0-R0H_FHYuDrJlKBeCJeStsuhZEzJmESPwttzyyLoq96MJ3gBqcrmNvC&xkcb=SoDn67M33OKwMuTTrR0MbzkdCdPP&fccid=792d7d9752fa9453&cmp=Stacknize-Solution-LLP&ti=Application+Support+Engineer&vjs=3,Application Support Engineer Trainee,Stacknize Solution LLP,EmployerActive 5 days ago,Remote
https://www.indeed.co.in/rc/clk?jk=c3fc57957d65fb3c&bb=QH76z9G1qa8o2o3ZATW3bjYS-Wg-_b-qSBdfgAgWo68jdKaMN1yFZvDzelwRmKDDq4DhDZzPzDvk1ULFxpBuT3ZypZnsUR_S13ZccNo2AWTazUYnMCIZ3ZmFFhCQS1LU&xkcb=SoAO67M33OKwMuTTrR0DbzkdCdPP&fccid=655910999d2e7b51&cmp=NexonIT&ti=Telecommunications+Engineer&vjs=3,Telecom Engineer Java,NexonIT,EmployerActive 7 days ago,Remote
https://www.indeed.co.in/rc/clk?jk=69e510d58f97426b&bb=QH76z9G1qa8o2o3ZATW3br7zEgtC87dTE3e3aOJkL1-mOR9z1fljVf3TUDW7UDXR1SD0BRPVvIBFjCneV0J2mdDSZyYD6j9KBfSl_v9XmqnGhWu-FGnaz4GzMKXgbtjy&xkcb=SoC667M33OKwMuTTrR0CbzkdCdPP&fccid=bdaafbd2abbf3f13&cmp=Mate-Technologies&ti=Android+Developer&vjs=3,Android Developer (Remote),Mate Technologies,EmployerActive 2 days ago,Remote
https://www.indeed.co.in/rc/clk?jk=a00e8e6ee54e2fae&bb=QH76z9G1qa8o2o3ZATW3blNb8h3Z0QtZQhau733N1MzrXY7rOgzX_qJFzu6y3LqlxmoFBZ8WulMhF5EDjZoAI_9x-L2EFMk_tklO9g8G1p606r5aLxn0CDV57oyMrJsM&xkcb=SoAn67M33OKwMuTTrR0BbzkdCdPP&fccid=e4cab6641e31e8cf&cmp=procallisto-solutions-pvt&ti=Java+Developer&vjs=3,java plugin developer,procallisto solutions pvt,EmployerActive 3 days ago,Remote
https://www.indeed.co.in/rc/clk?jk=b09e35cafbaa9209&bb=QH76z9G1qa8o2o3ZATW3brEu1lMsRmTtQrL_0lYLdIJ87-1mvAs9ik_l6D928uqsQSe8KFZlHUT0_UlbDlNYxM6nQCnkU-cV663nkgwcCfunC4qWZ7JBaRFmIFTYYUO0&xkcb=SoCT67M33OKwMuTTrR0AbzkdCdPP&fccid=20063ac5a45312a8&cmp=xianinfotech&ti=Software+Test+Engineer&vjs=3,Software Test Engineer,Xianinfotech LLP,EmployerActive 3 days ago,Remote
https://www.indeed.co.in/rc/clk?jk=c54d3b187779d8d7&bb=QH76z9G1qa8o2o3ZATW3brzu315T5NZkIIkRSRIm4vkv3QlRoSJTBWGJ5tPjGYntYsvUlkb_LTZIPAbBUVJq-ORcGGTd3bwRSY7wNdChv647wxmzsK4L5cSJp76oAbFu&xkcb=SoAd67M33OKwMuTTrR0HbzkdCdPP&fccid=1c862a9157bb63eb&cmp=American-Chase-LLP&ti=Data+Analyst&vjs=3,Data Analyst - Workday,American Chase LLP,,Remote
https://www.indeed.co.in/rc/clk?jk=1bfec4d1ab9a1a73&bb=QH76z9G1qa8o2o3ZATW3bs9ZPbaZPMPZtMivREtw1pzznwXfSY94mxGLxS-IwG4V5kIreDVJPBzigxGw3ys6L5z9waNI9LR9aBQl2QHsZFSeLs0pXNnypMxgFhjKbd2O&xkcb=SoCp67M33OKwMuTTrR0GbzkdCdPP&fccid=b09ab172c870349a&cmp=Agami-Technologies-Pvt.Ltd.&ti=Full+Stack+Developer&vjs=3,Full Stack Development,Agami Technologies Pvt.Ltd.,EmployerActive 3 days ago,Remote
https://www.indeed.co.in/rc/clk?jk=a618edf4e0800c59&bb=QH76z9G1qa8o2o3ZATW3bobVG1BaNW0D2dZRbK3Ds9JjQ0Lyn1kudGbXIL0jaHry-YS7pWfakxjwBzf5UL6R9sjIIZ0O6ZcIDNIvupqUsKwBssbm8PuV88d2a4VNi-yn&xkcb=SoA067M33OKwMuTTrR0FbzkdCdPP&fccid=ec4ca3dc91be0c1d&cmp=NSR-Information-Systems&ti=Senior+Java+Developer&vjs=3,Sr. Java Developer,NSR Information Systems,EmployerActive 7 days ago,Remote
https://www.indeed.co.in/rc/clk?jk=0d89d797e6c44a8f&bb=P9TOGeJOr3ToqdfxO2I3jXHTEhLD0PScVsQnui2l9G8QZylk49zBLxA1pH6ZL5zhZT2-iKUAzPFvWx4P1ydUcLncfnmivuy-5DVOGOqZPeyFpRUHZtKtZkgcV8NvAK_z&xkcb=SoB367M33OLPz-WOBJ0LbzkdCdPP&fccid=4714787ff0af1384&cmp=Fio-technologies&ti=Software+Engineer&vjs=3,Software Engineer,Fio technologies,,Remote
https://www.indeed.co.in/rc/clk?jk=58e615df271b6efe&bb=P9TOGeJOr3ToqdfxO2I3jTFhMYSGnmQavoZFn0qLFjNPLQBFksQMOfmgEaJMzotMrp4qZdrjaygzgM4cBHfXCzFQA-MoU6sS00EPi0UEUlYDoJpWSSZs6N8KdduIV-Re&xkcb=SoDD67M33OLPz-WOBJ0KbzkdCdPP&fccid=93386789a0371cd4&cmp=ScienceFox&ti=Full+Stack+Developer&vjs=3,Java Full Stack Developer,ScienceFox,EmployerActive 5 days ago,Remote
https://www.indeed.co.in/rc/clk?jk=5c213e8195b60721&bb=P9TOGeJOr3ToqdfxO2I3jebOFLIpcea83y837XQNsFQQ7DhE0jRxd2iLISTF7Hkdxdls_-O51jx56xkR3W946obQRXSwAyydnDs_IXslcNVg_-iD_8U6hycFNGo1kH7u&xkcb=SoBe67M33OLPz-WOBJ0JbzkdCdPP&fccid=cba9a63c828dde16&cmp=Munificent-Resource-Engineering-Management-services-pvt-ltd&ti=Java+Developer&vjs=3,Java Developer,Munificent Resource Engineering Management...,EmployerActive 2 days ago,Remote
https://www.indeed.co.in/rc/clk?jk=9224038e9bb273ab&bb=P9TOGeJOr3ToqdfxO2I3jaksXPaIYVGyjqyokLRmjvnVn7GFI8aqTzeTBVeA5oPRskSpcJvE6CS3txnjp73ldAEuuYeA2LfNzMvYQpGchRlwUJyypPsyd_KwM5G8pexG&xkcb=SoDq67M33OLPz-WOBJ0IbzkdCdPP&fccid=9e5deb53dbd9c043&cmp=TalentsTree-India-Pvt-ltd&ti=Full+Stack+Developer&vjs=3,Java Full Stack Developer,Talents tree,EmployerActive 5 days ago,Remote
https://www.indeed.co.in/rc/clk?jk=b5d7db61a2f7cdd2&bb=P9TOGeJOr3ToqdfxO2I3jXnGw7OR0DnCUiF9mRSM0mTQuTiHyIe1v2k6apsviIUu8XxW5F34JxVUiMwMViH2sXsR9NcRkR56AHahCMhr_Fpoi_a5CpcaMi6lBRMlwLdx&xkcb=SoBk67M33OLPz-WOBJ0PbzkdCdPP&fccid=70043be4d02355cf&cmp=Reveation-Labs&ti=Project+Manager&vjs=3,Project Manager,Reveation Labs,EmployerActive 2 days ago,Remote
https://www.indeed.co.in/rc/clk?jk=17a8ffd3f088c639&bb=P9TOGeJOr3ToqdfxO2I3jYNVsSQScjSdm7T_jcp1KpbGwQnzNRY1Up0hx4wnG7p7vdqnGkKTL2152X7OsqldCIVzinrHpWWJ9YGvagf1p_9mDP--psXPmVfKAsTFSGWA&xkcb=SoDQ67M33OLPz-WOBJ0ObzkdCdPP&fccid=b5d6573443d1eaf4&cmp=CodeMonk&ti=Quality+Assurance+Engineer&vjs=3,QA Engineer - Part Time,Notchup (formerly codemonk.ai),EmployerActive 13 days ago,Remote
https://www.indeed.co.in/rc/clk?jk=381f8d1f4f2d7e3c&bb=P9TOGeJOr3ToqdfxO2I3jaKneiDtw69n5q50sI4dmEuRUDTdCWHVNL808YzqFB2YSLtfwnet1VFKMEgsgIXUxM9VtwVoD8T76T1ylmHrnKoEfxdtdIZ-IaYMgyZwncXs&xkcb=SoBN67M33OLPz-WOBJ0NbzkdCdPP&fccid=20063ac5a45312a8&cmp=xianinfotech&ti=Ethical+Hacker&vjs=3,Ethical Hacker,Xianinfotech LLP,EmployerActive 3 days ago,Remote
https://www.indeed.co.in/rc/clk?jk=180af561b706685e&bb=P9TOGeJOr3ToqdfxO2I3jXu5uLnAKlw3_hrehfpAqmM_12yB1tmqYnqM1PyQyJ8_r5MrP5pCtlGldDXrX-N_q4KzPBgjO1t1Or-iANCp4hPmu9gvIdqRRgwjnFKWAWUk&xkcb=SoD567M33OLPz-WOBJ0MbzkdCdPP&fccid=c89f52a649b11444&cmp=Gemworth&ti=Application+Developer&vjs=3,Mobile App Developer,Gemworth,EmployerActive 8 days ago,Remote
https://www.indeed.co.in/rc/clk?jk=2efeedbf2bccef8c&bb=P9TOGeJOr3ToqdfxO2I3jdmV193HZXmHFfgrkE9nZHAUkZIJ7Hfh_qCPASQQa3fcn0n9gK_YDY46Vqd_lNWw-pqLDARzptzDfOKKPa75oFOQ3uX53q3DKDEC0GmcAgCv&xkcb=SoAQ67M33OLPz-WOBJ0DbzkdCdPP&fccid=381f9463834c5a51&cmp=UMENIT-SOLUTIONS-LLP&ti=Back+End+Developer&vjs=3,Backend Developer,Umenit Solutions LLP,EmployerActive 4 days ago,Remote
https://www.indeed.co.in/rc/clk?jk=5a152b99dfaca728&bb=P9TOGeJOr3ToqdfxO2I3jflzZPnsqby8669f0fEgeUS9OyqBQhMNOu2Pd_M7-0kd2bJ0mJHEiF9oKU-U1_JHxmPOgOY5q2NXYbyUz6jPoTgXQC6c6OIQU9gKY4_n9mjE&xkcb=SoCk67M33OLPz-WOBJ0CbzkdCdPP&fccid=dd347a308a439731&cmp=Techechos-Innovation&ti=XML+Developer&vjs=3,Xml Developer,Techechos Innovation,EmployerActive 10 days ago,Remote
https://www.indeed.co.in/rc/clk?jk=a34567f590455ccb&bb=P9TOGeJOr3ToqdfxO2I3jdj3vDeRKLidHq8q9f6M5ee2r5buwYoOT3d0833TQgUGSSW558HwUeQHLR-XrRUx3yv9GSf-WUj5vKjMxF9aH8rQXwLYeulYZmdeoisP66_U&xkcb=SoA567M33OLPz-WOBJ0BbzkdCdPP&fccid=73d97862395cbf15&cmp=badkul-technology&ti=Full+Stack+Developer&vjs=3,Java Full Stack Developer,badkul technology,EmployerActive 2 days ago,Remote
https://www.indeed.co.in/rc/clk?jk=552bae895007abc7&bb=P9TOGeJOr3ToqdfxO2I3jXnGw7OR0DnCGQAUMaU53F__eX4U0ew3Z-jUQa-rvAdf2y0lB5tWItiXeM9K-NqM-A9TADe_LKVR5RTBPsboQPFtViGoOmgorREwsUtQ6WLI&xkcb=SoCN67M33OLPz-WOBJ0AbzkdCdPP&fccid=93ddf7bfdf8adbf4&cmp=Global-Holani-Tradelink&ti=Full+Stack+Developer&vjs=3,Full Stack Developer Intern,Global Holani Tradelink,EmployerActive 5 days ago,Remote
https://www.indeed.co.in/rc/clk?jk=a1a01af1495ee77a&bb=P9TOGeJOr3ToqdfxO2I3jZXPBtuXqX7EvHmbQXTfZ0JsGd78zjdJLIt4rDiB13jPd6jFZRywd3l65L2rkjF49FsBQvMHyk2gXRU1c2GWeOxtnePpiUkG9gHnaV1BKnc7&xkcb=SoAD67M33OLPz-WOBJ0HbzkdCdPP&fccid=01bec696391c1c6d&cmp=The-Design5-Company&ti=Quality+Assurance+Engineer&vjs=3,QA Engineer,The Design5 Company,,Remote
https://www.indeed.co.in/rc/clk?jk=e480c37510be3a0b&bb=P9TOGeJOr3ToqdfxO2I3jV3jxwCGzRFRMseNgTEkt1IxZNAneFvcw-utvY1rSPLb9Kr_QnEPXV-IpIstcO7Ehyftg8N-i80GNmmBmzAHqvT7r-Vi79_BtNRlnc76PgHf&xkcb=SoC367M33OLPz-WOBJ0GbzkdCdPP&fccid=c92e9e6f66aefd13&cmp=MMNovatech&ti=Developer&vjs=3,Laravel Developer,MMNovatech,EmployerActive 4 days ago,Remote
https://www.indeed.co.in/rc/clk?jk=de53f35df860a65c&bb=P9TOGeJOr3ToqdfxO2I3jZtB1KsHzvqp5YrdPOhtZ6iLSckVdsbgoza4L6C6kC7ONqNj0Th_25TY1mr_jdr48548WMpABT48K9qTDrUMJy6fTlPXIrBaG8jdxaIbrEFl&xkcb=SoAq67M33OLPz-WOBJ0FbzkdCdPP&fccid=73bfb71d4547d5d5&cmp=Gratia-Technology.Pvt-Ltd&ti=Software+Engineer&vjs=3,Software Developer Internship Remote,Gratia Technology Pvt. Ltd.,EmployerActive 4 days ago,Remote
https://www.indeed.co.in/rc/clk?jk=a01eb2296acde3b0&bb=HlK_MnvlW1yq7meKyn0jonnt_yRq9V-V7koF3se-oI8QkQk20KcEMevXMjk9sWCrGdZePXX3tLG5un4H1VTus1ViSkay0mcRUE1nAwHY7jRYTF5zX6-MAwWRep3AIfQd&xkcb=SoBi67M33OLPlyTTtp0KbzkdCdPP&fccid=8c671c8a61687156&vjs=3,Support Engineer,PairSoft,,Remote
https://www.indeed.co.in/rc/clk?jk=152f52370a350076&bb=HlK_MnvlW1yq7meKyn0joj0tyJpv3VbX_eyL8IpwvdSMmtnO_3mEcgRzVzNDbd3DZPdeDAXzPUY3d-D2hQUDtH6cLYw_YQ1r_qeEXMTQPc4p2WxB3Y-Htbs-bbvM3tyb&xkcb=SoD_67M33OLPlyTTtp0JbzkdCdPP&fccid=7cec8e356e461c21&cmp=Skep-IT-Sysytems&ti=Software+Quality+Assurance+Engineer&vjs=3,Software Quality Assurance Engineer,Skep IT Sysytems,,Remote
https://www.indeed.co.in/rc/clk?jk=2810fb306a985c67&bb=HlK_MnvlW1yq7meKyn0jouGcV9-tSyskO26cyncl8dxc6abgWHNc1h-Uby8Pi6B6Ctj_qSaFGqJ2aNQl3glYUuiuWzf-TuHKyxihXwkLKEgGTkP7OuyVQyhW1LrY3XJD&xkcb=SoBL67M33OLPlyTTtp0IbzkdCdPP&fccid=08d2b198ebec43ce&cmp=Xanika-Infotech&ti=Software+Engineer&vjs=3,Enterprise Software Developer,Xanika Infotech,,Remote
https://www.indeed.co.in/rc/clk?jk=e43a0379f91f09b2&bb=HlK_MnvlW1yq7meKyn0jos2Zg4CPZH2_WgISNSeFdoKbOVT3YcjJ43KIWTbUsrjJ2idIpV4mG_xHEQzJ1pF4KwypLrWaiw_qs0BV4u6xHwV2RO3axGmNMbUmIAfBH9ON&xkcb=SoDF67M33OLPlyTTtp0PbzkdCdPP&fccid=94c99f8fae80d641&cmp=InvenTel&ti=IT+Security+Specialist&vjs=3,IT Security Specialist - Remote,InvenTel,EmployerActive 4 days ago,Remote
https://www.indeed.co.in/rc/clk?jk=384cb5efd0cb48a8&bb=HlK_MnvlW1yq7meKyn0joqwDlBa1PjHL8WmhyilnoJxp_do-vvzaucjsfiSNCL8NbHUULGuN29mFP9j0yn9OzT1gbUglJhTSF5puN9YnN2lX1TIQugCdXRQZ7csHv2x7&xkcb=SoBx67M33OLPlyTTtp0ObzkdCdPP&fccid=511bb8e00aa52302&cmp=OrangeSiri-India-Private-Limited&ti=Quality+Assurance+Engineer&vjs=3,QA Engineer,OrangeSiri India Private Limited,EmployerActive 4 days ago,Remote
https://www.indeed.co.in/rc/clk?jk=f7b10cef3c665ac2&bb=HlK_MnvlW1yq7meKyn0jopOdNVKEB0wx17vBqc-xJ25Jnld8EaURAx9eAakQWjcyjPMXbr9-s4fDC6q5StkrFgLEUkqL0evkVvrlMVGPsv9jaCZgHLyYO0Dc3oEvXOPD&xkcb=SoDs67M33OLPlyTTtp0NbzkdCdPP&fccid=48431f9a84d10755&cmp=PIXEL-DIGITAL-MARKETING&ti=Back+End+Developer&vjs=3,Backend Developer,Pixel Digital Marketing,EmployerActive 2 days ago,Remote
https://www.indeed.co.in/rc/clk?jk=2422b240f891db8b&bb=HlK_MnvlW1yq7meKyn0jopOdNVKEB0wxqR1ZJflJF84PLIPh53PIQ-vgCWhZaAyYjrGjMHBpblErxjCOi8FGKP8pg1fFG-ENctHv_wovnqpp24Ih_oXmJQdFi8OSgXYo&xkcb=SoBY67M33OLPlyTTtp0MbzkdCdPP&fccid=97f9bb47b3e91fad&cmp=HealTether-Healthcare-Services-Private-Limited&ti=Back+End+Developer&vjs=3,Backend Developer,HealTether Healthcare Services Private Limited,,Remote
https://www.indeed.co.in/rc/clk?jk=a205467db93b73e8&bb=HlK_MnvlW1yq7meKyn0joroMuWs3bHWuOGLqT8v18uOKTJRX0wMWC12INzNdrz7IrX58_-BizDB8s3C2JAUc7As-YcAYSI7omllIZAsmfAR_AVqa6CLA917Lu1oUEXL0&xkcb=SoCx67M33OLPlyTTtp0DbzkdCdPP&fccid=381f9463834c5a51&cmp=UMENIT-SOLUTIONS-LLP&ti=Full+Stack+Developer&vjs=3,Java Full Stack Developer,Umenit Solutions LLP,EmployerActive 4 days ago,Remote
https://www.indeed.co.in/rc/clk?jk=ace7c10c1bf98241&bb=HlK_MnvlW1yq7meKyn0jotqBgxQm1_TD6Aad9INgsOGSeE1mo-xZNHjVNMCIt47rU417DV04KPtGP395ZNgI5yeE_Vfu1U4obr4fLd-P4Fi2HCk0ldgNmwR8aBvNSTbZ&xkcb=SoAF67M33OLPlyTTtp0CbzkdCdPP&fccid=9da6a0bfe0e88493&cmp=AkashX&ti=Full+Stack+Developer&vjs=3,Full Stack Developer,AkashX,EmployerActive 2 days ago,Remote
https://www.indeed.co.in/rc/clk?jk=726616e372800f37&bb=HlK_MnvlW1yq7meKyn0joq-Lcn7yGbi4bUBwj1bX7VWtONBf_61EEW9XI2PWx5CXkhOjyjWoXc-OhSJuQzVMAmRWbjBgIhyvAYPz4Ba9Z_hqsYT46aw4h8ef0npOnB6f&xkcb=SoCY67M33OLPlyTTtp0BbzkdCdPP&fccid=9da6a0bfe0e88493&cmp=AkashX&ti=Back+End+Developer&vjs=3,Senior Backend Developer,AkashX,EmployerActive 2 days ago,Remote
https://www.indeed.co.in/rc/clk?jk=883bbe848c167d72&bb=HlK_MnvlW1yq7meKyn0jokYVSyMFM54W4tS-aFqOsPs8Z17BNwcdDIRgmXAzmHAuxv5JHkXBN7Z0_eOpw9sJG_5t0Of1zBWMAbAYdaTfWZu7cw5DwKfWWRhhg_oCzdEs&xkcb=SoAs67M33OLPlyTTtp0AbzkdCdPP&fccid=88050f7023458de7&cmp=Aadhcode-Solutions-PVT-Ltd&ti=Quality+Analyst&vjs=3,Quality Analyst,Aadhcode Solutions PVT Ltd,EmployerActive 4 days ago,Remote
https://www.indeed.co.in/rc/clk?jk=fbe1854fb561d8b2&bb=HlK_MnvlW1yq7meKyn0jotvuHTIsVH7KcialJhQrnpvuLhZtoNDGlOOOrYE799xIuBRV1yMN4A5ssPiGlTqRqONOSBWPfkIrHyzSvOzW_KUaWYN7wpBdlx-AFALfWb9X&xkcb=SoCi67M33OLPlyTTtp0HbzkdCdPP&fccid=33dc305d3cea2735&cmp=Prashanthi-Balamandira-Trust&ti=Application+Developer&vjs=3,App Developer,Prashanthi Balamandira Trust,EmployerActive 2 days ago,Remote
https://www.indeed.co.in/rc/clk?jk=f69e7b8efbfdca49&bb=HlK_MnvlW1yq7meKyn0joveiGmQEHtYV2xyfmmahwEwGxoRtWnO9WHk870xRdmwAvJdi_VGHbVro5swYEHs_LWPpyXZQ1snpMNZZ3vl2JzsI1xRBYByadXk78lhT6KfK&xkcb=SoAW67M33OLPlyTTtp0GbzkdCdPP&fccid=d0077b320e734a97&cmp=Intellion-Technologies-Pvt-Ltd&ti=Accounts+Receivable+Clerk&vjs=3,AR in Android Studio Using Java & Kotlin Trainer-Parttime,Intellion Technologies Pvt Ltd,EmployerActive 2 days ago,Remote
https://www.indeed.co.in/rc/clk?jk=c26e34abb7940e93&bb=HlK_MnvlW1yq7meKyn0jorngjt2QOSJ6w71ZQbc_FRJqumqhvpudoaU9ooi1StlHsS5S-6cko4pNZ8GP2K_xzMuCmLJIdgdq2pdtIFTDhw2_aJ5Aw2XUM-ns_DJcJfph&xkcb=SoCL67M33OLPlyTTtp0FbzkdCdPP&fccid=0230169e0bc17e7a&cmp=Skill-Tenders&ti=Full+Stack+Developer&vjs=3,Full Stack Developer,Skill Tenders,,Remote
https://www.indeed.co.in/rc/clk?jk=07d4f0e1f7b6e754&bb=HlK_MnvlW1yq7meKyn0johym0YiPkHFMNON5X6r71p3YOhJdjAUQPCJjOuoxBk9Sg72HMkMsMA_L8El1EQ-GSreNM1ATaaACrQZuNodIk69l33A4XTmBMG6_cd6QwQvP&xkcb=SoA_67M33OLPlyTTtp0EbzkdCdPP&fccid=02654f5578557446&cmp=Caliber-Connect&ti=Developer&vjs=3,ORMB Developers,Caliber Connect,EmployerActive 6 days ago,Remote
https://www.indeed.co.in/rc/clk?jk=7e0925125848592f&bb=aKlPCIgt7ddgTJvfA4A7eR60eqgMSnSADCoTbaDn9AMwJxunHC4pSlJ84127Vz-Sdm3xvqCipwPx34i3y_-JyCrtlR3J30tBr72tV_HhbZKjr7ppR5qPLwmfOHKtDqer&xkcb=SoAX67M33OLPWxAdfj0LbzkdCdPP&fccid=43d7eb3b5c503785&cmp=Teqlawn&ti=Android+Developer&vjs=3,Freelance Android Developer,Teqlawn,EmployerActive 2 days ago,Remote
https://www.indeed.co.in/rc/clk?jk=50bdd3baa02ba217&bb=aKlPCIgt7ddgTJvfA4A7eWcRkX2sS0QFwxfrugn01aDE_HXX2B55_IMywVxRP6RZZk7c9cAny_kLCimZP3UULJNouEtvn9t5By83oatRS6fncIYqReu4O_xdppGrHBen&xkcb=SoCj67M33OLPWxAdfj0KbzkdCdPP&fccid=769befb3ba50117b&cmp=AgileEngine&ti=Senior+Java+Developer&vjs=3,Java Networking Engineer (Senior/Lead) ID24690,AgileEngine,EmployerActive 13 days ago,Remote
https://www.indeed.co.in/rc/clk?jk=b2d2200010c22b1c&bb=aKlPCIgt7ddgTJvfA4A7eeUqXhELaRM7y_wxJMqEfWnaU57JN1hdV0mvQ2u-I_T4-3X73wWdaeB7rmiMiH411vKqCNirJlJH4WLvL7hNKY0sek4TuC9FjZQnddUnJe5b&xkcb=SoA-67M33OLPWxAdfj0JbzkdCdPP&fccid=484b688be52bb11c&cmp=WebReak-Global&ti=Application+Developer&vjs=3,Application Developer,WebReak Global,EmployerActive 4 days ago,Remote
https://www.indeed.co.in/rc/clk?jk=34f567324b2f00bb&bb=aKlPCIgt7ddgTJvfA4A7efv64YIO7wdys20C1-AbfltFHNVjrafQLdZq0piwNZmtn8ii7TAorQIw2_HL4lrHCOQoDRbOCWqaBd3RJJQn6Ig_mz39fTvDuLavinDj-P2d&xkcb=SoCK67M33OLPWxAdfj0IbzkdCdPP&fccid=0e234379e77d9f12&vjs=3,Senior Java Developer (Minimum 8 yrs experience),Trusted Tech Solutions,,Remote
https://www.indeed.co.in/rc/clk?jk=991b8266e7295fb8&bb=aKlPCIgt7ddgTJvfA4A7eVALWryNMGeHuaSvmYmMKoN99ed44A0DenZYqaKXK5HKrODSogurTTieWimTcnezx6qdumOB9NQtzGQsLQOHQymFRzSnCG6dxQC3wIXAfq8O&xkcb=SoAE67M33OLPWxAdfj0PbzkdCdPP&fccid=fd73bc6c2299d679&vjs=3,Backend Engineer (Fully Remote),Virtual Internships,EmployerActive 2 days ago,Remote
https://www.indeed.co.in/rc/clk?jk=8deeba6f74e3aa8f&bb=aKlPCIgt7ddgTJvfA4A7eXJ1wzAWDarZkeKl3VwHbNMeOe1qwkr9t-jiWJoFeCIEPFY5FhdsHKU1DyFusi4SIB-49MIJWDH6mjt6uLvrdwN_UpWXejjXQJCzR9lwZnBB&xkcb=SoCw67M33OLPWxAdfj0ObzkdCdPP&fccid=4b0c2fed2516cb4c&cmp=Avidian-Technologies&ti=Software+Engineer&vjs=3,Software Developer,Avidian Technologies,EmployerActive 8 days ago,Remote
https://www.indeed.co.in/rc/clk?jk=87a43f55b601bbd7&bb=aKlPCIgt7ddgTJvfA4A7eZqOngoOLyD_bsr3UcJHj8Ct2hF18tRVSi_QwrQhdZJiFpeGPrE0X6i_frBL0CZkyfPL3P22RgJwUktn9ExN2s9-eQioRLvaEVVd8R1lPTfx&xkcb=SoAt67M33OLPWxAdfj0NbzkdCdPP&fccid=01bec696391c1c6d&cmp=The-Design5-Company&ti=Full+Stack+Developer&vjs=3,Java Full Stack Developer,The Design5 Company,EmployerActive 2 days ago,Remote
https://www.indeed.co.in/rc/clk?jk=64cc5c18f3f76d50&bb=aKlPCIgt7ddgTJvfA4A7eS_RgqAhBDtusxxpWGoAlpD-vpUmYyliYZh-Yx2s8Wz5jBGzuc1v1NG3Bmgdx5N9q9uIdsJJuC01GnkpZ_oGTJ2yWK9mhbhUzdVL_hA_wA1u&xkcb=SoCZ67M33OLPWxAdfj0MbzkdCdPP&fccid=a871fb538e45f777&cmp=ITCommence-Inc&ti=Developer&vjs=3,AEM Developer,ITCommence Inc,EmployerActive 7 days ago,Remote
https://www.indeed.co.in/rc/clk?jk=591ba0473c9c5797&bb=aKlPCIgt7ddgTJvfA4A7eVHDfQ_TU94VjkRaVPWl589DgghHQCV59fa-Lycyr8xrT9X4fWhrhvNtCXdlghPZ4vvGZWGkMm7jXiY0dFMTMJOOHWEDiulFmxwE2obz1oRe&xkcb=SoBw67M33OLPWxAdfj0DbzkdCdPP&fccid=bf0778df5ea8bfc9&cmp=OrangeSiri-India-Private-Limited&ti=Software+Engineer&vjs=3,Software Engineer-Bot,OrangeSiri India Private Limited,EmployerActive 2 days ago,Remote
https://www.indeed.co.in/rc/clk?jk=f22492c721f55ae0&bb=aKlPCIgt7ddgTJvfA4A7eeB06wHgxITU41ZJhsJZy7lB-8mo27gtboAYoEQ1X0qzeiSgUmGAJHf9oVdQCvxDlxa1kZd5QJXs5yoVHUQHo6p1vMOeuTqkld9B0YpKh1KH&xkcb=SoDE67M33OLPWxAdfj0CbzkdCdPP&fccid=3729364f74e9dcdf&cmp=Mindwise-Technologies&ti=Front+End+Developer&vjs=3,Front End Developer - Angular,Mindwise Technologies,EmployerActive 8 days ago,Remote
https://www.indeed.co.in/rc/clk?jk=7b7d73006b485ba1&bb=aKlPCIgt7ddgTJvfA4A7eb1xuG7-BBohc54SKi9uxhetvpzZm7YHbeUQNKaJ-FMHrs3BUVgeb0g8_L2L8b1vTesAoXSp5HCcJQGuuRxQaNc4JOdGdLKyBHT6CSpr5ML_&xkcb=SoBZ67M33OLPWxAdfj0BbzkdCdPP&fccid=b8d9fb9cf0bdbda1&cmp=KTH-HR-Consulting-zone&ti=Support+Engineer&vjs=3,"Core & Cards Support Engineer(L2) - Oracle, MYSQL, MSSQL",KTH HR Consulting zone,EmployerActive 2 days ago,Remote
https://www.indeed.co.in/rc/clk?jk=c7749f5cbff9478f&bb=aKlPCIgt7ddgTJvfA4A7eWdl8oH6hxONP2x6zjmoAzBIENdGO0gzP7z0NgEVf05figk7V6qFU888HSto7vwMi4cg1ixIn4MJ7fqtrNhnV0YjEL7smk4hK2ljsVeOKX_j&xkcb=SoDt67M33OLPWxAdfj0AbzkdCdPP&fccid=207b7403a0db9764&cmp=Duoples&ti=Engineer&vjs=3,AI Engineer,Duoples,EmployerActive 11 days ago,Remote
https://www.indeed.co.in/rc/clk?jk=762b0cdf6b509d24&bb=aKlPCIgt7ddgTJvfA4A7eYquG54tDA8htZQnueu_Eu39oVoBBA0VAppSiMP21OMxgb-Pz4UJCfThXmt-DFTJMXlthBTpBu_HG0n35Qrx_wxMIkbgGA4O_yrlmvgZAI-4&xkcb=SoBj67M33OLPWxAdfj0HbzkdCdPP&fccid=d1c9b9805e780156&cmp=Wizzgeeks-private-Limited&ti=Full+Stack+Developer&vjs=3,Java Full Stack Developer,Rapid24,EmployerActive 3 days ago,Remote
https://www.indeed.co.in/rc/clk?jk=55dcc283d8b293d8&bb=aKlPCIgt7ddgTJvfA4A7eZX2lEObtjFIVqz5qRWNihWuMZXPTqf881-VIFLf1wORAAfxoU-PSON2TkhgxXBffZCv9oLSZgU0QLfZbdvn0JpR00NgKodgjx_glxQ6s-qA&xkcb=SoDX67M33OLPWxAdfj0GbzkdCdPP&fccid=7b824fcc7063fe6f&cmp=Flipped.ai&ti=Technical+Engineer&vjs=3,Technical Engineering Manager,Flipped.ai,EmployerActive 2 days ago,Remote
https://www.indeed.co.in/rc/clk?jk=3b5261d2d7456272&bb=aKlPCIgt7ddgTJvfA4A7eWXO3zTMDjFTveIjzBJotUwQQOUZtNIWDv1IKMSTfugQM05x2mFGpHHVuscQaFDjVq8DydKOZ5t6e7ywWOsDDW1EPTblSMIVPdl5NXb-Hegr&xkcb=SoBK67M33OLPWxAdfj0FbzkdCdPP&fccid=dd616958bd9ddc12&cmp=Aanseaa-Technologies&ti=Machine+Learning+Engineer&vjs=3,Machine Learning Engineer,Aanseaa Technologies,EmployerActive 2 days ago,Remote
https://www.indeed.co.in/rc/clk?jk=2e2829b617a9241b&bb=VG31CfiXamv1V5lI5heiBi10EcLARZC3JKbBIVOTYp2WizjBavisAx7oKTwweogFr4JdM-XO6lpYyc7_efnlThZ-McPKkP353pZ30E3HbhEy7jyNmcOv9E5e6aGVaNYI&xkcb=SoAQ67M33OLPaAQNhB0LbzkdCdPP&fccid=615c768fa3bd85c7&cmp=Avgira-Technologies&ti=Software+Test+Engineer&vjs=3,Senior SDET,Avgira Technologies,,Remote
https://www.indeed.co.in/rc/clk?jk=85eb5042b12b2b01&bb=VG31CfiXamv1V5lI5heiBuG7VVbwrHqhqphlIMFmrEHINYwg-pJiVzLyosTp9B37dVAX_HIkiNYlGsM1qgdCrzhOQQKZezDbo2btJZqS9OrYh3mBZDmFfab3kbSxPnQN&xkcb=SoCk67M33OLPaAQNhB0KbzkdCdPP&fccid=aebc048777fffe20&cmp=Webcraft-It&ti=Android+Developer&vjs=3,Android Developer – Backend Libraries Specialist,Webcraft It,EmployerActive 4 days ago,Remote
https://www.indeed.co.in/rc/clk?jk=5cfcf1d6dc64c057&bb=VG31CfiXamv1V5lI5heiBscRSoLAQgKebHuxPRfAwWJbZ3VfPzZ1Ead30JHZkZuDhjnAVv4qfnR23P9N4BHoWHYWmAyxWX-DLPwRpb_OcN1Op5bunWE_5b_76EvdFa0h&xkcb=SoA567M33OLPaAQNhB0JbzkdCdPP&fccid=26df445faf88b431&cmp=BYTESAR-Technologies&ti=Quality+Assurance+Manager&vjs=3,QA Lead – Automation,BYTESAR Technologies,EmployerActive 2 days ago,Remote
https://www.indeed.co.in/rc/clk?jk=41f3fde1a35e1730&bb=VG31CfiXamv1V5lI5heiBqU89p-hw9BoqDd0SfrLa2fVw2jffGM6sAFTSXDPe_Wz0BJmnUous9lifZiPhvsjNjM8ndPyJAfotYZl6Y434uYKkrdaOf01qISa2YF3HL1U&xkcb=SoCN67M33OLPaAQNhB0IbzkdCdPP&fccid=ae69155ebca233f3&cmp=GlobalShala&ti=Full+Stack+Developer&vjs=3,Full Stack Developer,GlobalShala,,Remote
https://www.indeed.co.in/rc/clk?jk=83cb9afd1291e57f&bb=VG31CfiXamv1V5lI5heiBsICglur3yq36nEfyhiElpjo5pili0EYAuCK14pKwmEp6pAusDM08BijgHoT9-zQecFlNzuAQb6BXQibxOtrkc8FqnMLQ6Y0VFxCDhqjrNUn&xkcb=SoAD67M33OLPaAQNhB0PbzkdCdPP&fccid=289cddf37d4d9cf9&cmp=Vedya-Software-Solutions&ti=Developer&vjs=3,Sterling OMS Developer,Vedya Software Solutions,EmployerActive 2 days ago,Remote
https://www.indeed.co.in/rc/clk?jk=f61421aba2efe91c&bb=VG31CfiXamv1V5lI5heiBqlGg9EcCdGafUmEC6Fcp3YW9phBdGSaoTO1DJ8VJy-yatLocXthkaKBQNFOccYME0CSj4XnwhWgaAmApW75mIIEn__a7jhHcQ0JzIEA8Zhn&xkcb=SoC367M33OLPaAQNhB0ObzkdCdPP&fccid=dfcebac9c937d80f&cmp=ConnectIN-Jobs-Global&ti=Active+Directory+Engineer&vjs=3,Snr. SailpointIIQ Engineers(IAM/Active Directory/Java)-Immediate Joiners,ConnectIN Jobs Global,EmployerActive 9 days ago,Remote
https://www.indeed.co.in/rc/clk?jk=42ed2a932b93f2f7&bb=VG31CfiXamv1V5lI5heiBi22whKrnCwj3CPmcPvcL5H-cEfCHo6tpZzcEdHgp3FNfophVMZfA9PoqW7xbfIwDtRJlPzDz8s72BpHLdWD1YsLbwDMq842eTRpzgO4HeyD&xkcb=SoAq67M33OLPaAQNhB0NbzkdCdPP&fccid=e4cab6641e31e8cf&cmp=procallisto-solutions-pvt&ti=Full+Stack+Developer&vjs=3,Full Stack Developer,procallisto solutions pvt,EmployerActive 3 days ago,Remote
https://www.indeed.co.in/rc/clk?jk=77e46fa664e4602c&bb=VG31CfiXamv1V5lI5heiBvbl_GE29YTUrExhxQwuQdhczoTYOLRx3SAvfXvcC2BHHZxs47STA6-VbcxkY-VgwI-qBiHoxlV3L8_2MC1InzjKx1ggLsQm33_RX3qZN1wg&xkcb=SoCe67M33OLPaAQNhB0MbzkdCdPP&fccid=a1ea9573a1f8f7b9&cmp=Instaacoders-Technologies-Pvt.-Ltd.&ti=Software+Architect&vjs=3,Lead Software Architect (Java),Instaacoders Technologies Pvt. Ltd.,EmployerActive 2 days ago,Remote
https://www.indeed.co.in/rc/clk?jk=a92f885ef580c575&bb=VG31CfiXamv1V5lI5heiBhkJxDd-m_Wvq-k-saxpMyVr0c3CPzUgg3tEByf36qdFpndGJs_fYe3RxzAeDvr_QN8JhRZSKVyBV-a2BaH1p7n2nADMpN0Lrsw-WcfJqBGj&xkcb=SoB367M33OLPaAQNhB0DbzkdCdPP&fccid=4a4cf97f18d3cd60&cmp=neo-code-software&ti=Developer&vjs=3,FileMaker Developer India,Neo Code Software,EmployerActive 12 days ago,Remote
https://www.indeed.co.in/rc/clk?jk=440e6a3aaa003f65&bb=VG31CfiXamv1V5lI5heiBvxHgAHYDVqel5wZ5rJZhGOc-Qj5CvZ-iiXMoY3ZRv324HKW1WgY3sIalnT0YTrF31n5rEOocp6AmTgJifu6xRx1LntNWP7EEU8wecz_n54s&xkcb=SoDD67M33OLPaAQNhB0CbzkdCdPP&fccid=b874a104e21f2aee&cmp=Nexperia-Technologies-Pvt-Ltd.&ti=Senior+Software+Engineer&vjs=3,Senior Software Developer,Nexperia Technologies Pvt Ltd.,EmployerActive 6 days ago,Remote
https://www.indeed.co.in/rc/clk?jk=de052bbfdc057f11&bb=VG31CfiXamv1V5lI5heiBsNXcpYLL0UD0yI3bYakMT_BFah62Ii5770NhrvjGim8lY7aZs4a29Jy9r8zFFyihmm5XRMClPAW2n3PyN6lSwW1uL43S1eqiAQ1Bi_Rv2OT&xkcb=SoBe67M33OLPaAQNhB0BbzkdCdPP&fccid=8b443bc57b74b6b7&cmp=Primesource-Consulting-LLP&ti=Developer&vjs=3,ORMB Developer,Primesource Consulting LLP,EmployerActive 4 days ago,Remote
https://www.indeed.co.in/rc/clk?jk=6c11e286cda4ccfe&bb=VG31CfiXamv1V5lI5heiBuhmDW0_6bUzHhZJ0R7jLrjOFOV2JwL34McSe41DMnitWgA6DwCyM6q__44JABgV6qJkbmRe41EXl6E3NTy26GTrScfxc8dJvbymkmZET8dQ&xkcb=SoDq67M33OLPaAQNhB0AbzkdCdPP&fccid=55007f8d9e89c050&cmp=Logiccircle-Pvt-Ltd&ti=Application+Developer&vjs=3,App Developer // Freelancer,Logiccircle Pvt Ltd,EmployerActive 3 days ago,Remote
https://www.indeed.co.in/rc/clk?jk=d3de72c3798ea9f4&bb=VG31CfiXamv1V5lI5heiBqg948htN_0Apxk2oOlS1Xqfj0Ad8WJ3Paer58ITbecjdG8LCH1g1ygNHSByKS1Jm5hioe-JovnTABztJp4HdFv7-a5xF348xM2jEgK73GQ9&xkcb=SoBk67M33OLPaAQNhB0HbzkdCdPP&fccid=9563c2c167e534ed&cmp=Jangras-Corporation&ti=Integration+Engineer&vjs=3,Integration Engineer - Intern,Jangras Corporation,EmployerActive 6 days ago,Remote
https://www.indeed.co.in/rc/clk?jk=22756a70fb4f6a5d&bb=VG31CfiXamv1V5lI5heiBqU89p-hw9BoU11xuHlCGbjAR9mDXFi-6JlaZSAtIckO21Pb33Ji67n7GnAC3g9dPTYdtsYF-6hRuqWvl3w9whrkHePDge_9z7hW-UWRZN-y&xkcb=SoDQ67M33OLPaAQNhB0GbzkdCdPP&fccid=9b338e4abba06498&cmp=Galaxy-Technology-Services-Pte-Ltd---Singapore&ti=Engineer&vjs=3,AI Engineer on AWS,Galaxy Technology Services Pte Ltd,EmployerActive 18 days ago,Remote
https://www.indeed.co.in/rc/clk?jk=ea0b4cf557728c1e&bb=VG31CfiXamv1V5lI5heiBm1cj8xZ8WEEhU0fEPg7UA5lOQcZqvXRsIPYoU436qI2JRbA2bAHZjhQk99DdUyv083Xbr6JriRop05oZwBtw4NPcNRRetz-kbsNd1LBviYr&xkcb=SoBN67M33OLPaAQNhB0FbzkdCdPP&fccid=7bb4b898bda1c895&cmp=Beinex-Consulting-Pvt-Ltd&ti=Senior+Software+Engineer&vjs=3,Sr Software Engineer- Angular,Beinex Consulting Pvt Ltd,EmployerActive 4 days ago,Remote
https://www.indeed.co.in/rc/clk?jk=c0afb812ac38d28b&bb=qkjRZs2nACLpds51MMZn1ILKkHIv6JOaqE6sgdhD-5Wd19HmIKidrp2yUH9o9jSW9CLOJUZRgi5sIG-kGzV_6gUzpmoO5wUknR3RNAed0W0goJto9462_kB9-Vxa5b_u&xkcb=SoCb67M33OLPMtTTtp0JbzkdCdPP&fccid=01bec696391c1c6d&cmp=The-Design5-Company&ti=Java+Developer&vjs=3,Java Kafka and react developer with DevOps,The Design5 Company,EmployerActive 2 days ago,Remote
https://www.indeed.co.in/rc/clk?jk=0f7d9b63d9c97417&bb=qkjRZs2nACLpds51MMZn1Ljuzus37SWhoAH_ZsC9QdUFCC0cnszpLTh-NRJO-amLDuSDrnM_Sy-8bespqJK9nrIACupmorYHo1jNgA3Svj-1nbC4Xilb3hS1v_QnnCG7&xkcb=SoAv67M33OLPMtTTtp0IbzkdCdPP&fccid=742b0e87b9de5d4b&cmp=Nanolytics-Software-Pvt.-Ltd.&ti=Full+Stack+Developer&vjs=3,Java Full Stack Developer With Azure - Immediate Joiner,Nanolytics Software Pvt. Ltd.,EmployerActive 2 days ago,Remote
https://www.indeed.co.in/rc/clk?jk=07a2f742cf958165&bb=qkjRZs2nACLpds51MMZn1DOFMpf6OaJhNX_GDwQcblhw06g2X_zzEhifkDRHTegCPYb5VqLzILFce8TrIpIt9nCKVQQV1_MP4Bxo73QP8QO--u6oY2QVWjb-BWAXwOL6&xkcb=SoCh67M33OLPMtTTtp0PbzkdCdPP&fccid=b721dc060bf64d1a&cmp=LodgIQ&ti=Full+Stack+Developer&vjs=3,Senior Full Stack Engineer,Lodgiq,EmployerActive 8 days ago,Remote
https://www.indeed.co.in/rc/clk?jk=d7a171a39a74c8e2&bb=qkjRZs2nACLpds51MMZn1DzbhUGu8gqGsqKsb4oiOg4FW9Zp0O9AfHtOLy1kNSyOkjN_Tj0FIupDPa1f0lym6gn1LIKlLYSozfi__iPfGJw08zENbzMU3Df_9AEdNYLo&xkcb=SoAV67M33OLPMtTTtp0ObzkdCdPP&fccid=c92e9e6f66aefd13&cmp=MMNovatech&ti=Engineer&vjs=3,AI Engineer,MMNovatech,EmployerActive 4 days ago,Remote
https://www.indeed.co.in/rc/clk?jk=dd1e428186bd92b0&bb=qkjRZs2nACLpds51MMZn1Fq5cdZfHvZEmYMr2pdfc0NuO-1CGGAvZ9YnwU5ekMVa6rQcog3jHmOnX1oCfiXMBnjZjSUwtZIuL3Erc8QENeVezd_9GOkwCSfTFjgYC79_&xkcb=SoCI67M33OLPMtTTtp0NbzkdCdPP&fccid=3106013bfa51c882&cmp=Trueparkings-LLC&ti=Full+Stack+Developer&vjs=3,Full Stack Developer,Trueparkings LLC,,Remote
https://www.indeed.co.in/rc/clk?jk=e527cccc10b4cb03&bb=qkjRZs2nACLpds51MMZn1OI3y5DKI944syzFsQmbEvFpgwhjI0q40PbkO1KC3-SB1InQc5pZnz3_7MCszcqEx-ISbEei9vViV0_GzQ8POlZAWZFxq2smSt-HvRtspMJA&xkcb=SoA867M33OLPMtTTtp0MbzkdCdPP&fccid=101e7ea161e418bb&cmp=Infodot-Technologies&ti=Android+Developer&vjs=3,Android Developer,Infodot Technologies,EmployerActive 2 days ago,Remote
https://www.indeed.co.in/rc/clk?jk=ff8044ecec7b1174&bb=qkjRZs2nACLpds51MMZn1E0QgRe6qmcsC10RmQRzuhUNlN0t9Eu1DJAq7sVSKKZ5dohzq2OPKJ0c5LMBckZT8Zq0RIHan3p1OfAH77NmMFyJwdp3740C7oi2vvl_DX_h&xkcb=SoDV67M33OLPMtTTtp0DbzkdCdPP&fccid=68288c2250d1b2da&cmp=Manyatechnosys-private-limited&ti=Android+Developer&vjs=3,Android Developer,Manyatechnosys private limited,EmployerActive 6 days ago,Remote
https://www.indeed.co.in/rc/clk?jk=640fd3ae78d26632&bb=qkjRZs2nACLpds51MMZn1F1lPIUTr0eGX-RscoIBQFq5RJHw2sW1lAewd08fFQbrQhm-dVY-oxwyrHnLyqdsuhn0YCcRvJ-swW84u1K8dMcyBKcYh92GHmvhv5MNhwa8&xkcb=SoBh67M33OLPMtTTtp0CbzkdCdPP&fccid=77cd30a5e4b5d89e&cmp=PregleAI-Research-%2526-Smart-Solutions-PVT.-LTD.&ti=Mobile+Developer&vjs=3,Intern-Mobile Application Developer,Isnartech PVT. LTD.,EmployerActive 2 days ago,Remote
https://www.indeed.co.in/rc/clk?jk=464c3901687607b9&bb=qkjRZs2nACLpds51MMZn1DOFMpf6OaJhPuZPJU2O7q9vxOblMYVxCtZoCAHpcIPlcUZsfHtYT19vF33eSmxpI9pJZLfUothpLe8oF81sN4S-UFybFbvPAQL1QVlmoRTB&xkcb=SoD867M33OLPMtTTtp0BbzkdCdPP&fccid=867f9477523a8ea2&cmp=Sierra-Support-Centre-Pvt.-Ltd&ti=Developer&vjs=3,SAP Hybris Developer,Sierra Support Centre Pvt. Ltd,EmployerActive 2 days ago,Remote
https://www.indeed.co.in/rc/clk?jk=a6e17550551ddbe9&bb=qkjRZs2nACLpds51MMZn1ILKkHIv6JOaQPPn3BY_vZ0K8gUaV8Z0zDCCeyT_z_m12Tgb41dG_7gKXcUcbuUscP01NXrY1RsS-ih0Onzmwbt_affu7uvWwcOiYR5znMSC&xkcb=SoBI67M33OLPMtTTtp0AbzkdCdPP&fccid=792d7d9752fa9453&cmp=Stacknize-Solution-LLP&ti=Developer&vjs=3,Flutter Developer Trainee,Stacknize Solution LLP,EmployerActive 4 days ago,Remote
https://www.indeed.co.in/rc/clk?jk=897cd124cc741222&bb=qkjRZs2nACLpds51MMZn1FZ1JYDqakiFPea2rPzutz258xiL10DEftmymnpUuUfwg1rD8qfHvAL7yySI5EKYgvz3mPS9J9ZIx7LKX1CDyj7xlydv6wyBg9j-H-xEVrRv&xkcb=SoDG67M33OLPMtTTtp0HbzkdCdPP&fccid=6417f6142bfeb401&cmp=Beatum-IT-Solutions-Pvt-Ltd&ti=Developer&vjs=3,Freelance Flutter Developer,Beatum IT Solutions Pvt Ltd,EmployerActive 5 days ago,Remote
https://www.indeed.co.in/rc/clk?jk=c3f9eb4396f8669b&bb=qkjRZs2nACLpds51MMZn1ETnpn2Y5YRPbAbSL08wvuuTGxCN0UvGW0VY8nnv6lNXW9556sv1CQ4lyaKdlhVc63D4-xjRcNTLJioS4jepFujpEUeSVGppTL5fqB5x6vg8&xkcb=SoBy67M33OLPMtTTtp0GbzkdCdPP&fccid=769befb3ba50117b&cmp=AgileEngine&ti=Senior+Java+Developer&vjs=3,Java/React.js Engineer (Tech Lead) ID26624,AgileEngine,EmployerActive 11 days ago,Remote
https://www.indeed.co.in/rc/clk?jk=9f41fc7d1e1bfa13&bb=qkjRZs2nACLpds51MMZn1Oml1BdNepa7uLNYR-wXLGp9MJyk_wZ3n7Sp4rLmz552R-agZWURG8PsmwIo_2NHMjwPetlO2BFVwu5wikx-_BXunvENkV-xoBzvKALm-XtA&xkcb=SoDv67M33OLPMtTTtp0FbzkdCdPP&fccid=61db7cc9183844d1&cmp=Bling&ti=Back+End+Developer&vjs=3,Senior Backend Engineer,Bling,EmployerActive 3 days ago,Remote
https://www.indeed.co.in/rc/clk?jk=396fb323f467b086&bb=qkjRZs2nACLpds51MMZn1CvSA__MOMzeBkgcTedaQHC2MvYIdWgCCn4iXWEx3cdP1r3lTWidzg6DSYIMxGKEjOjln5pOxzTaQ-7uAeywt7ThtfXkMuUHDrXe4TYqv3fk&xkcb=SoBb67M33OLPMtTTtp0EbzkdCdPP&fccid=4307bd0eb7a4fb27&cmp=careerfair-services&ti=Senior+Software+Engineer&vjs=3,Senior software Developer,careerfair services,EmployerActive 2 days ago,Remote
https://www.indeed.co.in/rc/clk?jk=2271beb7ee6354c1&bb=qkjRZs2nACLpds51MMZn1FZ1JYDqakiFTEXkZgD_orrddhVmIgHkvYNeDGx19c4rYTN3O-gS03lIeSZ9ogGrSXJ4f0U-i6A_SiwW1GJskeyaCMhWF0E5HVsPSo6Acvuf&xkcb=SoB867M33OLPMtTTtp0bbzkdCdPP&fccid=38d1e47bcb21076f&cmp=Aceis-Service&ti=Databricks&vjs=3,DataBricks,Aceis services,EmployerActive 13 days ago,Remote
https://www.indeed.co.in/rc/clk?jk=88cad88919aa06e0&bb=YAdZyVmQIxmYckzN-LyRvKTx9XLko3B-X7yWEP1_RPRx7mMrFnJXjz1V46ok2NE7ceo5kSb2ugDWiUqUYrVoXxKFOfHVbxyrHEyWs5JpzGNhkkiv4tbQ4f7ZRkeGkhkU&xkcb=SoCV67M33OLOwCzTtp0LbzkdCdPP&fccid=09a72504958ef098&cmp=Diagonal-Matrix-Ltd&ti=Ai+Training+-+Machine+Learning+Specialist&vjs=3,Internship - AI/Machine Learning Developer,Diagonal Matrix Ltd,,Remote
https://www.indeed.co.in/rc/clk?jk=66d3e8d9785263c9&bb=YAdZyVmQIxmYckzN-LyRvAwhK6i4yakr4zdE7yJDUaqPdMO__iYu9YSyDFuD101n0Bn2ogMreWiGx9C3JFkchXZTqjtPNL3EW4Ujyewz2bC_nK_VVUI2Bop0CKdrYOLk&xkcb=SoAh67M33OLOwCzTtp0KbzkdCdPP&fccid=3100f4d93d451a44&cmp=GLOINNT-SOLUTIONS-Pvt-Ltd&ti=Developer&vjs=3,SAP Hybris Developer,Gloinnt Solutions Pvt Ltd,EmployerActive 3 days ago,Remote
https://www.indeed.co.in/rc/clk?jk=53aa719ee284ae98&bb=YAdZyVmQIxmYckzN-LyRvHPzO-pmAuSO5sFJsosq6GuzMqBllRRgtwyUqd9E4_-J-cC0ZMK34gZHUDkCHYr6R5JYm6D1Q04u_Hm_mCRvCZqaKXjhJCSp0_Ws8orlCccg&xkcb=SoC867M33OLOwCzTtp0JbzkdCdPP&fccid=a871fb538e45f777&cmp=ITCommence-Inc&ti=Developer&vjs=3,Windchill PLM Developer,ITCommence Inc,EmployerActive 7 days ago,Remote
https://www.indeed.co.in/rc/clk?jk=fac80c6a49fca18e&bb=YAdZyVmQIxmYckzN-LyRvG6WAxNKYSdd6lODcqQgH5NLGc7hRhxOva0mfwlNSkOnA6SzNj2QFrYFy3h6LBecbXgOJJvdtBUTeXvfZfKHxvM-0KYtsDLKc4x9Aqd0UwwT&xkcb=SoAI67M33OLOwCzTtp0IbzkdCdPP&fccid=692d72df3103f4c8&cmp=NexGen-TechSoft-Consulting-Services&ti=Automation+Engineer&vjs=3,QA Automation Tester,NexGen TechSoft,EmployerActive 3 days ago,Remote
https://www.indeed.co.in/rc/clk?jk=f0f54054890c33f3&bb=YAdZyVmQIxmYckzN-LyRvNvhtDPCUtblijxzQwXIrmTMy2OtlV2CNARksowADhHGwUfIRs9v1WDtMS-DevAtaas9Q3LPGltbO2X4_BIwJ-bOEBtQnh1WaADHKtqRc-WH&xkcb=SoCG67M33OLOwCzTtp0PbzkdCdPP&fccid=dfcebac9c937d80f&cmp=ConnectIN-Jobs-Global&ti=SAP+Consultant&vjs=3,Senior SAP CPI (Cloud Platform Integration) / (PI / PO ) Consultant,ConnectIN Jobs Global,EmployerActive 9 days ago,Remote
https://www.indeed.co.in/rc/clk?jk=07af51adcaaee6ae&bb=YAdZyVmQIxmYckzN-LyRvOUXuGqTeTmowkOPtHoIKrXnU6QA1GS33oMsIGZf5eOvx0OhL1jJuuWO13y2ficp_Tox7DZFZDnbFeFc9uZb5iFgdbfncvRYYk2A7Aug5_DC&xkcb=SoAy67M33OLOwCzTtp0ObzkdCdPP&fccid=3de64b8943bfa325&cmp=R-V-Tech&ti=Application+Developer&vjs=3,Senior Slack App Dev ( Remote - 3 to 8+ Exp),R V Tech,EmployerActive 3 days ago,Remote
https://www.indeed.co.in/rc/clk?jk=20601c9826d7285f&bb=YAdZyVmQIxmYckzN-LyRvFpMy10qPMJnGVRbGRz7zuOOhGta-WdphBrF4Xo1_m1x85JggylTnrh-8jhiN6YEc25U9vbvPZyC3RIaemYB99yNkBvDjwpDwmpQv5K_5FNx&xkcb=SoCv67M33OLOwCzTtp0NbzkdCdPP&fccid=a9d28725facae1d5&cmp=Tech-Next&ti=Data+Engineer&vjs=3,Data Engineer,TECH NEXT,EmployerActive 2 days ago,Remote
https://www.indeed.co.in/rc/clk?jk=a52fb2d497b5136f&bb=YAdZyVmQIxmYckzN-LyRvMZkWUOY9eUWFy8T73PO6o-Js6ZsXzLgoHwIH91orHbUqpkJVHNgGRAcxLMrj394cHOigTtW7BGveU5i5FlyXQiVeHHgVZuT8-iaEJLEvRfN&xkcb=SoAb67M33OLOwCzTtp0MbzkdCdPP&fccid=a6d1eb060a82dc9e&cmp=Guires-Solutions-Private-Limited&ti=Software+Engineer&vjs=3,Block chain software Developer,Guires Solutions Private Limited,EmployerActive 2 days ago,Remote
https://www.indeed.co.in/rc/clk?jk=ebd779270bd06eaf&bb=YAdZyVmQIxmYckzN-LyRvIZidKVW0wtR3NHUn0O2ddXRUcGAqMXpN1KWB7XlZctkMiONIp4aCe93vrP_rp3uq9QSjkIGPECHk6VU5Xft5wMZKW5hY6pGnt33lo_MeWjS&xkcb=SoDy67M33OLOwCzTtp0DbzkdCdPP&fccid=6417f6142bfeb401&cmp=Beatum-IT-Solutions-Pvt-Ltd&ti=Full+Stack+Developer&vjs=3,Freelance Full Stack Developer- Laravel & CodeIgniter,Beatum IT Solutions Pvt Ltd,EmployerActive 5 days ago,Remote
https://www.indeed.co.in/rc/clk?jk=74ea41b37c11d4d5&bb=YAdZyVmQIxmYckzN-LyRvMfdJt2G0oYYTKEOCT6MzmZtzmXOreWnBrvXTLSYsZXsSC1tDcR3aw--98yX56leCOCGTXs2Q3bbOWo91cp07tsmVdj0uA3YmIV6YYofp6UR&xkcb=SoBG67M33OLOwCzTtp0CbzkdCdPP&fccid=0d36341d48d1298a&cmp=NCompassTrac-India&ti=Full+Stack+Developer&vjs=3,Full Stack Developer (Nodejs),Job Matchmakers,EmployerActive 2 days ago,Remote
https://www.indeed.co.in/rc/clk?jk=dee9e739eb37c592&bb=YAdZyVmQIxmYckzN-LyRvK7RG3NR18J5nK1lD6iWe7kN_h282R_sRc4BjnI0smb0Hhp-cau2LhvL35qI2_xrR6K3I5FgLErdVdK2LeTFKJ7JECEx85SsoD1IFTL-SquR&xkcb=SoDb67M33OLOwCzTtp0BbzkdCdPP&fccid=05a3e6ae69e2e277&vjs=3,Senior Automation Engineer,Accelirate Inc.,,Remote
https://www.indeed.co.in/rc/clk?jk=e57a42b6a22b8cda&bb=YAdZyVmQIxmYckzN-LyRvIPbBX5-Ks0d51q2YPNODMWPRywU8xd985d0AAcGh98YMha_UpteJbSXVyjPyNvH_y6-npMy_tFiitKRTx1WrOsFm25KLxokDd1cE5yBS925&xkcb=SoBv67M33OLOwCzTtp0AbzkdCdPP&fccid=76d59243bb56213a&cmp=Codash-Solutions&ti=Automation+Specialist&vjs=3,Senior Power Automate Specialist,Codash Solutions,EmployerActive 2 days ago,Remote
https://www.indeed.co.in/rc/clk?jk=5845442a3c694ae7&bb=YAdZyVmQIxmYckzN-LyRvO42jP0HCn2CLmKKgtpfwrMQ8WKChRyvrVCVO5ipp7nss9A7rDrrN18znSM-bgwcO4umym4vGHIH4W-uvbcf5MsUDJjw79-sJN8bDkdjd125&xkcb=SoDh67M33OLOwCzTtp0HbzkdCdPP&fccid=0a909ba6c0c823cb&cmp=Jubilant-Consulting&ti=Aws+Lex&vjs=3,AWS LEX,Jubilant consulting,EmployerActive 4 days ago,Remote
https://www.indeed.co.in/rc/clk?jk=cd5c743f817aef54&bb=YAdZyVmQIxmYckzN-LyRvD9znonhbcmEF8u9k3X7vnEC_gZvsFyYDYZNVB0KQnodQkqM2_DQ5lAIv3cWEEKBGJnzKQow78o6lU-X8ckYOqdPzzzB-rqUB8jGC2-MhxV4&xkcb=SoBV67M33OLOwCzTtp0GbzkdCdPP&fccid=b8aa3cfb7ecbbbd4&cmp=Talenzen&ti=Developer&vjs=3,SailPoint Developer,Talenzen,EmployerActive 5 days ago,Remote
https://www.indeed.co.in/rc/clk?jk=5934dbc9a0b3c6dd&bb=YAdZyVmQIxmYckzN-LyRvHPzO-pmAuSOgwZ8SayfrSZijkEXDi0HWgBv61LYI2tvt1-FEW9mMKm2HMRKfc0GO5eMcRB34YllCnX-W82UzOUsSj5AmUVo9NRqwY6TpSgq&xkcb=SoDI67M33OLOwCzTtp0FbzkdCdPP&fccid=0d36341d48d1298a&cmp=NCompassTrac-India&ti=Back+End+Developer&vjs=3,Backend SaaS Software Engineer,Job Matchmakers,EmployerActive 2 days ago,Remote
https://www.indeed.co.in/rc/clk?jk=ac045b9396eedc3d&bb=tM-ZvMMU1MuhUF4kWryhv08O5Vc67CukTFIhTQ77reIXx-LHBTNcirwUiLt4OlypI2Vv2t8ovC4v_Zaw1L5mWv4ivCJEyeGLt97--X3pDsMclHPd_A6Gmk2ZW8hfOFDL&xkcb=SoBt67M33OLOko2OBJ0LbzkdCdPP&fccid=16c4354ac73c7919&cmp=Rioforge&ti=Developer&vjs=3,React Native Developer,Rioforge,,Remote
https://www.indeed.co.in/rc/clk?jk=1af70b7e2e157f37&bb=tM-ZvMMU1MuhUF4kWryhv6v8ORdyna5Qu3kBZmuUDci-XyDKwCWoewUk4mf6W_di8BIJUEkUg4OomHKJyaccsEZQwqbXtsbTKbZcZFGaCtW6-A5j8g9cycLYeTNtAZuM&xkcb=SoDZ67M33OLOko2OBJ0KbzkdCdPP&fccid=05a3e6ae69e2e277&vjs=3,Automation Engineer,Accelirate Inc.,,Remote
https://www.indeed.co.in/rc/clk?jk=f2576f20ba944a32&bb=tM-ZvMMU1MuhUF4kWryhv4A4abSIo7l9zayio_TRH8cIgyIY8j_k2UxWA46XOE8E7KAe93j-K26cev6pbb1tPIx69-POvVWvevgc3YR9F_oQc3jEN2TiLiVTqRpQ-_Vt&xkcb=SoBE67M33OLOko2OBJ0JbzkdCdPP&fccid=8c815e27b0345410&cmp=Independent-Skill-Development-Mission---ISDM-kolkata&ti=Application+Developer&vjs=3,Mobile App Developer,Independent Skill Development Mission - ISDM...,EmployerActive 2 days ago,Remote
https://www.indeed.co.in/rc/clk?jk=f85653665d2c4425&bb=tM-ZvMMU1MuhUF4kWryhv22t882zL3po7bg532Z6wl_GiD_P8ejJFNQ4IziOpjqkZsRyNOeZN_eat4HX4YorkmSd-WscBxl9fxBKdlI66FsXj_mCWdUTNAVzJPHO7-Dp&xkcb=SoDw67M33OLOko2OBJ0IbzkdCdPP&fccid=2fd007f1810aef40&cmp=Perception-and-Quant&ti=Software+Engineer&vjs=3,Software Engineer (DevOps),Perception and Quant,,Remote
https://www.indeed.co.in/rc/clk?jk=4943bcdf075a8458&bb=tM-ZvMMU1MuhUF4kWryhv8xDrzJGHN3XjSNoEzYWU3o0kUp4Wj9B2J2ng1Juf7Wg0ypmQk8B3rukeFdeKqeISsZ4bHVxlrvZSbWVOJa31uytzHpbFUPZNZ1yBagM-OXi&xkcb=SoB-67M33OLOko2OBJ0PbzkdCdPP&fccid=b8d9fb9cf0bdbda1&cmp=KTH-HR-Consulting-zone&ti=Shell%2C+Plsql+-+L2+Support&vjs=3,"Shell, PLSQL - L2 Support",KTH HR Consulting zone,EmployerActive 2 days ago,Remote
https://www.indeed.co.in/rc/clk?jk=180ad880b592a213&bb=tM-ZvMMU1MuhUF4kWryhv8qV29AM3S_U96Z7Il4_53sfyCgg4KuvhKmoTs45TU9HbFXDSqH7xLaFj_-tbOEiesbeJcxFSI7_4FnwGjHQMSLxwN2W3CBU9MHBHhgCm07n&xkcb=SoDK67M33OLOko2OBJ0ObzkdCdPP&fccid=e4cab6641e31e8cf&cmp=procallisto-solutions-pvt&ti=Technical+Analyst&vjs=3,Spark Technical Analyst,procallisto solutions pvt,EmployerActive 3 days ago,Remote
https://www.indeed.co.in/rc/clk?jk=d601820e483eda59&bb=tM-ZvMMU1MuhUF4kWryhvyVS1nmuOLukJ1FOha_rA4luEhc58HQaYSDeL_QzGoVhId-0yrNtH4MARGR4ijK0CAnbXIQWYLlD9czTdYKjpSb-zZbUt_pglB1cXF98pZbl&xkcb=SoBX67M33OLOko2OBJ0NbzkdCdPP&fccid=769befb3ba50117b&cmp=AgileEngine&ti=Full+Stack+Developer&vjs=3,Java/React.js Fullstack Engineer (Senior) ID26623,AgileEngine,EmployerActive 5 days ago,Remote
https://www.indeed.co.in/rc/clk?jk=068b8669347d3e8c&bb=tM-ZvMMU1MuhUF4kWryhv64GeRo6J2iEomK0sIuigzm1zxICARTdFBD04Dn5wj-C1QIp12aHWXRK3EAPignNDayJ49h-gC2hL7hd6p4eyjJ82Odv0YOhBMz5-xepLEAs&xkcb=SoDj67M33OLOko2OBJ0MbzkdCdPP&fccid=1b5d535fc8e8926e&cmp=Ensocode&ti=SAP+ABAP+Developer&vjs=3,SAP ABAP Consultant,Ensocode,EmployerActive 8 days ago,Remote
https://www.indeed.co.in/rc/clk?jk=1bf3f62f1b906017&bb=tM-ZvMMU1MuhUF4kWryhv3K5mD7hTA89wL6F_iQHu2ofwrqVKKYdO7tzeSwBGXT1OGF5jIOhY7Ve_QPJJQ2gnKgkqqjDeVqePWWvv7Eqwh6Ov8jAxEU2tSHKRFRu71tb&xkcb=SoAK67M33OLOko2OBJ0DbzkdCdPP&fccid=ca97d5a78e8cafc8&cmp=thinkquestlab-pvt-ltd&ti=Application+Developer&vjs=3,Application Developer (React Native/Flutter),thinkquestlab pvt ltd,EmployerActive 5 days ago,Remote
https://www.indeed.co.in/rc/clk?jk=4b7877f47a1bc1d0&bb=tM-ZvMMU1MuhUF4kWryhv94SjcywzMAlA9OzJtF14cuJxYgDgYx7_J0mVLkrK_3YB-1bIJv_c4UFBrvNXLzx3wwx1oRz5VRjth3Zdfj4cRDVR2KyPC-XBIL8guxK_5cA&xkcb=SoC-67M33OLOko2OBJ0CbzkdCdPP&fccid=3781128e175fad79&vjs=3,"Software Engineer, Directory - India",JumpCloud,,Remote
https://www.indeed.co.in/rc/clk?jk=4a448a55c07c69d6&bb=tM-ZvMMU1MuhUF4kWryhv-FkTea5d0ZWLgYZYERfuKnCPR9iJL95er4jlIoWsX8yp0z0D58fEKAO6_GH30nRi3Y6o-vxnNJBPQjyi9ooVA-qLPxn56Rmi6Ksp-9GUedV&xkcb=SoAj67M33OLOko2OBJ0BbzkdCdPP&fccid=76d59243bb56213a&cmp=Codash-Solutions&ti=Technical+Engineer&vjs=3,Technical Engineering Manager,Codash Solutions,EmployerActive 2 days ago,Remote
https://www.indeed.co.in/rc/clk?jk=3778b455b86ea81a&bb=tM-ZvMMU1MuhUF4kWryhv538E8ZrPPSJldlaFjB3-9eygNbvPjqfNnbv1G6MiO7XtpVQeSblA50oUXJRzqpeKEY_szoVmHxDj5AB4Rft3VwSNc5Q5-00aa_gKk3ZJaAC&xkcb=SoCX67M33OLOko2OBJ0AbzkdCdPP&fccid=37cd8af059d25bec&cmp=SHUL-Ventures-Pvt-Ltd&ti=Full+Stack+Developer&vjs=3,Tech Lead Full Stack Developer with DevOps Expertise,SHUL Ventures Pvt Ltd,EmployerActive 4 days ago,Remote
https://www.indeed.co.in/rc/clk?jk=a0194d33eb52ca4d&bb=tM-ZvMMU1MuhUF4kWryhvybU5arNBC7GAEmhGpJWXcw6fgOx9jMu6nB48vte2JAf9xNc4AjUy8FBzKcYzWbutNGlqn9F_Laez6JtdJl1McFO9hjf41XddPAtFwpH6fnk&xkcb=SoAZ67M33OLOko2OBJ0HbzkdCdPP&fccid=d4cc6de90cacd97e&cmp=Trantor-Software-Pvt.-Ltd&ti=Android+Developer&vjs=3,Android Developer,Trantor Software Pvt. Ltd,EmployerActive 4 days ago,Remote
https://www.indeed.co.in/rc/clk?jk=6d60858ea616b31a&bb=tM-ZvMMU1MuhUF4kWryhv0KrRLi9P7pqRZYwnRXiMp4xOwrjsmNJytmtjjFXLeAMjgMmxUK-YVp00qRqJvUn8HPB9lrzxQq-T7JA3BBRvUsBpTUD9v6m4Dr3naMvSnl8&xkcb=SoCt67M33OLOko2OBJ0GbzkdCdPP&fccid=d9c01c67aeb0318a&cmp=Kloze.Ai&ti=Back+End+Developer&vjs=3,Senior Backend Engineer | Kloze.Ai,Kloze.Ai,EmployerActive 2 days ago,Remote
https://www.indeed.co.in/rc/clk?jk=4a58907c2fce8872&bb=tM-ZvMMU1MuhUF4kWryhv_tpeBpxdxYpa_Pa42knfV6DERsT5zNjKP09287uY22LUaEIOivWqVtJg5BQes-1xCe3oRaktPF2jxye7ZSn8EvXuXlH6L3vsNEFyBJXcZw1&xkcb=SoAw67M33OLOko2OBJ0FbzkdCdPP&fccid=9e5deb53dbd9c043&cmp=TalentsTree-India-Pvt-ltd&ti=Devops+Engineer&vjs=3,Azure Devops,cloudnet solutions,EmployerActive 5 days ago,Remote
https://www.indeed.co.in/rc/clk?jk=6c7d660ca22dfcc5&bb=58bZRmdWx1GUwiPnGG2WH7ygoikywHf6vqx2WQbE1QN1fvLrAb4iI0P5O3BP_7Vt60l8E-sQxtJwQ2x6TXBF7Xg2Y3NB-PWW0ECsO6z7f7OahOvZkEbtwvRYsRWPvZQa&xkcb=SoAS67M33OLOoNQAk50LbzkdCdPP&fccid=4a3ab72c365df216&vjs=3,Senior Salesforce Marketing Cloud Consultant,A5,,Remote
https://www.indeed.co.in/rc/clk?jk=f2374c5c9914f3bb&bb=58bZRmdWx1GUwiPnGG2WH3wGLnMBsbsxKv4RPu7OkpCpNXANlID0sirUSXRXN1OFSwoln9Oia1ycanUAc_67AGEzWghNEBwhcxrm0niObfoal2Dmj5ggmLTmgPz3I23j&xkcb=SoCm67M33OLOoNQAk50KbzkdCdPP&fccid=96b21fb944aec1a2&cmp=The-Redx-Technologies-ltd&ti=Software+Development+Intern&vjs=3,Mobile App Developer Internship,The Redx Technologies ltd,EmployerActive 2 days ago,Remote
https://www.indeed.co.in/rc/clk?jk=808a6b69d7d63603&bb=58bZRmdWx1GUwiPnGG2WH9XWiFLxnKSJMeowtgIFmaE3zjLlu4vJINgf6d5AIMhd6btyUltcrH_-CwixTd571JL_9ylT-ZWy-TIAhwIoFO8Mq3HzP_6Sxle5gYtQ_pWA&xkcb=SoA767M33OLOoNQAk50JbzkdCdPP&fccid=0d36341d48d1298a&cmp=NCompassTrac-India&ti=Full+Stack+Developer&vjs=3,Full Stack Developer - SAAS,Job Matchmakers,EmployerActive 2 days ago,Remote
https://www.indeed.co.in/rc/clk?jk=56ef347f3dfa0544&bb=58bZRmdWx1GUwiPnGG2WH7Ru1BHvBG-6_gFHvDx4M1pg0jno7WEBZaKzDCLlCWD0Vjqiz56sQWcYxSqAEc5mc78K1gfl1rRk3TMlOfjYMDRlrcrQhdBPEyPNMamSnn9Y&xkcb=SoCP67M33OLOoNQAk50IbzkdCdPP&fccid=3ea260553e7de164&cmp=Matrix-Infotech-Solution&ti=Business+Development+Intern&vjs=3,Marketing and Business Development Intern,Matrix Infotech Solution,EmployerActive 5 days ago,Remote
https://www.indeed.co.in/rc/clk?jk=f96a8e90df485db1&bb=58bZRmdWx1GUwiPnGG2WH43qR0fXkKs2p2F4eu9n0rTPHRrWmqMw9q6GpHjkLfjkFrKmyMhHXLn6lLMm1qpA8YJmcv78obuazFJUXlxx57DMJZkaHJzTQBv5KdbAwSjT&xkcb=SoAB67M33OLOoNQAk50PbzkdCdPP&fccid=d3cbbdde6155f439&cmp=Metric-Tree-Labs&ti=Senior+Data+Architect&vjs=3,Sr Data Architect - Snowflake,Metric Tree Labs,EmployerActive 14 days ago,Remote
https://www.indeed.co.in/rc/clk?jk=0a3898a6365a5575&bb=58bZRmdWx1GUwiPnGG2WH96PS2sK9t7uk0CNGKA1TSJahu__2OSsyHl9jQkxgH5OruqwNxGqIAhXAV477D4qJ1PVPcIzC9mcEqTanI38aYbNmIqHYxTqgQNbUeA2yELF&xkcb=SoC167M33OLOoNQAk50ObzkdCdPP&fccid=4307bd0eb7a4fb27&cmp=careerfair-services&ti=Software+Architect&vjs=3,Solution Architect,careerfair services,EmployerActive 2 days ago,Remote
https://www.indeed.co.in/rc/clk?jk=fa6ba36dc076c576&bb=58bZRmdWx1GUwiPnGG2WH1InX8dlW8y2MDYhOWKQKUFX_hCMs3yxwCOr_R8jZmsAyKKNBPceu-hiBL9x3v4X_5jWN0pO2_mzJcgHJEyjoCAX6X4VmiYpcdtmTRlOD9Ua&xkcb=SoAo67M33OLOoNQAk50NbzkdCdPP&fccid=3c2fc245a7046182&cmp=Entiovi-Technologies-Private-Limited&ti=Developer&vjs=3,SAP BTP Developer,Entiovi Technologies Private Limited,EmployerActive 2 days ago,Remote
https://www.indeed.co.in/rc/clk?jk=3c55c4bd31071757&bb=58bZRmdWx1GUwiPnGG2WH97tuHEzF-UmugwvHKSen0fEnPwmPVK317vbLfH2N5IzJLgXYzeY3J_gSQXyD3PYfW5g9_NUoieTBH6kCcxLeABdtgEL4onDwLKIWlX9Uo9p&xkcb=SoCc67M33OLOoNQAk50MbzkdCdPP&fccid=26df445faf88b431&cmp=BYTESAR-Technologies&ti=Senior+Developer&vjs=3,Senior Teamcenter Developer,BYTESAR Technologies,EmployerActive 2 days ago,Remote
https://www.indeed.co.in/rc/clk?jk=694ba00d931b395b&bb=58bZRmdWx1GUwiPnGG2WH1OMyxaGHJKxf8TD7IAfNMxY8OZdfQ8yttxkHiu9agJ0cgpavQm84OnkDBQ8ymFeQseVHxtAvIZmcM0CpCis01qie2HEj3HtFHU9LeBTcc10&xkcb=SoB167M33OLOoNQAk50DbzkdCdPP&fccid=71349ee76eac552c&vjs=3,Senior Software Engineer (Full Stack),MyAdvice,,Remote
https://www.indeed.co.in/rc/clk?jk=21ecbd4f2ff8ceda&bb=58bZRmdWx1GUwiPnGG2WH1lkwd60gmGSSFfLu7_41j-xsYo9xCoeqyvM7_DWdXXGxRlOToxruIWYLZKFMCbm9HNFyQF8VqoX8sJT435l1Of7tn1hcRd0p0lv-KjvWmXy&xkcb=SoDB67M33OLOoNQAk50CbzkdCdPP&fccid=3f8ceb473d98e051&cmp=Ficode-Software-Solutions-Private-Limited&ti=Developer&vjs=3,Flutter Developer,Ficode Software Solutions Private Limited,EmployerActive 2 days ago,Remote
https://www.indeed.co.in/rc/clk?jk=f7deb0d3ab9d77dd&bb=58bZRmdWx1GUwiPnGG2WH7tQCgDTc5tNoHt6x3J0nhJgrIgsRQhP5wWRj7_aEKpFK_IWp_NlNZWNrTTnBAW3MtyqXCWNrWWKvgk89pGBoYT30V6DVdFBpW3AUPV178To&xkcb=SoBc67M33OLOoNQAk50BbzkdCdPP&fccid=29dbceb4f13adb13&cmp=Openturf&ti=Full+Stack+Developer&vjs=3,"Fullstack(react,node.js)",Openturf,EmployerActive 2 days ago,Remote
https://www.indeed.co.in/rc/clk?jk=74d41e5beeb52acc&bb=58bZRmdWx1GUwiPnGG2WH97i3fTaL9qHEOKoy-ZcRGnchnBSGNOSiNTXNVMO5w2xABd7xZs-BtSghTYsw_Q--G8YnHjLElO-2Aum44Xebbuxa82OIMAxQeacJhk5Zdih&xkcb=SoDo67M33OLOoNQAk50AbzkdCdPP&fccid=b95b9b516bd2d67b&cmp=Thinkreh&ti=Oracle+Vbcs&vjs=3,Oracle VBCS,Thinkreh,EmployerActive 3 days ago,Remote
https://www.indeed.co.in/rc/clk?jk=450f996e85ddfec6&bb=58bZRmdWx1GUwiPnGG2WHxzPo8i2j7gcDmP-TLgdTXiwfm-tBWyjEanWGJTyTmNjpuNLkSnwATN9dWc1F-50d0Od5wQfikMnx2V4Ueniy9z0zwHQ3xO0AU9U4bZuC8Ca&xkcb=SoBm67M33OLOoNQAk50HbzkdCdPP&fccid=2362df89e63e6a5a&cmp=DigiNhance&ti=Full+Stack+Developer&vjs=3,Full Stack Application Developer,DigiNhance,EmployerActive 2 days ago,Remote
https://www.indeed.co.in/rc/clk?jk=2bf236c2d6c1c7bf&bb=58bZRmdWx1GUwiPnGG2WH8HlZpALoUR0x46vNfchMJxIGTkKhWON06E0UVHFOwsSIoudG28AqJdDeZbCRgJBDSwaAExaBe6zqZ_VdgHZey1YZPMQHna8BxkdpskZy9_H&xkcb=SoDS67M33OLOoNQAk50GbzkdCdPP&fccid=8e36fabf55670796&cmp=GlobalStep&ti=Senior+Developer&vjs=3,Senior Azure Developer,GlobalStep,,Remote
https://www.indeed.co.in/rc/clk?jk=a93e065e7334337c&bb=58bZRmdWx1GUwiPnGG2WHyBVB10Khtmhe8AGoujUKURKONv5B1T9HWjscXcNN6QKtgF7-zM5_OOu3SfOqKBMh08K5oOrHk3-hOSlQ4GEVIX9xs-T8ZetRAPBOAPKxtag&xkcb=SoBP67M33OLOoNQAk50FbzkdCdPP&fccid=43a877b2fe179f0d&cmp=AvenData-Technologies-Pvt-ltd&ti=Full+Stack+Developer&vjs=3,.NET Full Stack Developer,AvenData Technologies Pvt ltd,,Remote
